Order ID,Order Date,Customer ID,Product ID,Quantity
AAQ-13644-699,2019-09-05,17670-51384-MA,R-D-1,4.0
ABK-08091-531,2019-09-05,17670-51384-MA,L-L-1,3.0
ABO-29054-365,2021-06-17,21125-22134-PX,A-M-0.5,6.0
ACY-56225-839,2021-07-15,23806-46781-OU,A-M-2.5,3.0
ADP-04506-084,2021-07-15,23806-46781-OU,E-M-2.5,6.0
ADX-50674-975,2021-08-04,86561-91660-RB,A-M-2.5,4.0
AEL-51169-725,2022-01-21,65223-29612-CB,L-M-0.2,6.0
AEZ-13242-456,2022-05-20,21134-81676-FR,R-M-0.5,5.0
AGQ-06534-750,2019-01-02,03396-68805-ZC,A-L-1,5.0
AHQ-40440-522,2019-09-05,61021-27840-ZN,A-D-1,1.0
AHV-66988-037,2021-03-08,76239-90137-UQ,R-M-2.5,2.0
AHY-20324-088,2020-10-28,49315-21985-BB,L-L-0.2,2.0
AIA-98989-755,2022-07-02,34136-36674-OM,R-M-0.2,1.0
AJL-52941-018,2020-05-22,39396-12890-PE,E-D-1,2.0
AJV-18231-334,2022-04-05,95875-73336-RG,R-D-2.5,2.0
AKV-93064-769,2022-06-07,25473-43727-BY,L-D-0.5,1.0
ALA-62598-016,2019-03-20,99643-51048-IQ,R-D-0.2,6.0
ALM-80762-974,2019-10-19,62173-15287-CU,A-L-0.5,3.0
ALP-37623-536,2019-06-13,57611-05522-ST,L-L-1,6.0
ALR-62963-723,2020-12-04,76664-37050-DT,R-D-0.2,3.0
AMB-93600-000,2020-12-04,76664-37050-DT,A-L-2.5,1.0
AMM-79521-378,2020-12-04,03090-88267-BQ,A-D-0.5,6.0
AMT-40418-362,2021-01-22,37651-47492-NC,L-D-1,1.0
ANK-59436-446,2022-02-11,95399-57205-HI,E-L-0.5,4.0
ANM-16388-634,2021-09-15,24010-66714-HW,L-L-0.2,2.0
AOL-13866-711,2020-10-24,07591-92789-UA,E-M-1,4.0
AOT-70449-651,2019-02-20,49231-44455-IC,R-D-2.5,5.0
AOX-44467-109,2019-10-08,50124-88608-EO,A-D-2.5,1.0
ASG-27179-958,2022-08-02,00888-74814-UZ,A-M-0.5,3.0
ASS-05878-128,2019-02-20,14158-30713-OB,E-L-0.5,2.0
ATY-28980-884,2021-09-25,51427-89175-QJ,A-L-0.2,6.0
AUP-10128-606,2021-09-25,51427-89175-QJ,A-M-0.5,1.0
AVH-56062-335,2021-09-25,51427-89175-QJ,E-M-0.5,5.0
AVK-76526-953,2021-07-17,39123-12846-YJ,A-D-1,2.0
AWH-16980-469,2020-06-29,44981-99666-XB,L-M-0.2,6.0
AWP-11469-510,2021-06-01,24825-51803-CQ,E-D-1,2.0
AWT-22827-563,2021-02-06,77634-13918-GJ,R-L-0.2,1.0
AXN-57779-891,2019-04-25,13694-25001-LX,R-M-0.2,3.0
AXR-10962-010,2020-04-25,08523-01791-TI,E-D-1,2.0
AYY-83051-752,2021-11-24,49860-68865-AB,L-L-1,6.0
AZF-45991-584,2021-04-19,21240-83132-SP,A-D-2.5,1.0
BAF-42286-205,2022-07-07,08350-81623-TF,R-M-2.5,4.0
BAQ-74241-156,2019-05-22,73284-01385-SJ,R-D-0.2,4.0
BDM-03174-485,2021-10-04,04152-34436-IE,R-L-0.5,4.0
BGB-67996-089,2020-04-11,06631-86965-XP,R-D-1,5.0
BHA-47429-889,2022-01-31,54619-08558-ZU,E-L-0.2,3.0
BIU-21970-705,2019-11-07,85589-17020-CX,R-M-2.5,2.0
BKK-47233-845,2019-06-28,36078-91009-WU,A-D-1,4.0
BLD-12227-251,2020-09-11,15770-27099-GX,A-M-0.5,2.0
BLI-21697-702,2022-08-17,91460-04823-BX,A-M-0.5,2.0
BLQ-03709-265,2022-08-19,45089-52817-WN,R-L-0.2,3.0
BLQ-03709-265,2019-05-15,76447-50326-IC,R-M-0.2,5.0
BLV-60087-454,2019-09-11,26333-67911-OL,A-M-0.5,5.0
BLV-60087-454,2019-09-11,26333-67911-OL,E-L-0.2,3.0
BMK-49520-383,2021-03-16,22107-86640-SB,R-L-0.2,3.0
BMM-86471-923,2020-12-03,09960-34242-LZ,L-D-2.5,1.0
BNQ-88920-567,2020-01-27,04671-85591-RT,L-D-0.2,6.0
BNZ-20544-633,2022-07-17,25729-68859-UA,L-L-0.5,4.0
BOR-02906-411,2022-03-04,05501-86351-NX,L-D-2.5,6.0
BPC-54727-307,2021-12-07,04521-04300-OK,R-L-1,4.0
BPG-68988-842,2021-02-25,58689-55264-VK,E-M-0.5,5.0
BPT-83989-157,2019-02-25,79436-73011-MM,A-M-2.5,2.0
BPZ-51283-916,2019-02-09,65552-60476-KY,A-M-2.5,2.0
BQI-61647-496,2020-02-07,69904-02729-YS,E-M-1,5.0
BQJ-44755-910,2020-03-23,01433-04270-AX,E-D-2.5,6.0
BQK-38412-229,2022-03-06,14204-14186-LA,R-L-0.2,3.0
BRB-40903-533,2022-04-15,32948-34398-HC,E-L-0.2,3.0
BRJ-19414-277,2021-11-19,77343-52608-FF,R-M-0.2,4.0
BRV-64870-915,2019-10-16,42770-36274-QA,L-L-2.5,5.0
BVU-77367-451,2019-11-26,14103-58987-ZU,A-D-1,5.0
BWK-39400-446,2019-06-30,69958-32065-SW,L-D-0.5,4.0
BWR-85735-955,2021-01-04,69533-84907-FA,L-M-1,3.0
BWZ-46364-547,2020-10-27,76005-95461-CI,R-L-1,3.0
BXH-62195-013,2021-06-15,15395-90855-VB,A-M-1,4.0
BXN-64230-789,2021-07-19,80640-45811-LB,A-L-1,2.0
BYP-16005-016,2021-07-23,28476-04082-GR,R-M-2.5,5.0
BYU-58154-603,2020-01-25,12018-75670-EU,E-D-0.5,4.0
BYZ-39669-954,2019-05-09,86437-17399-FK,L-L-2.5,1.0
BZE-96093-118,2020-03-30,62979-53167-ML,L-M-0.2,2.0
BZP-33213-637,2022-03-13,54810-81899-HL,A-M-2.5,3.0
CBT-15092-420,2019-04-17,26103-41504-IB,L-M-0.5,1.0
CBT-55781-720,2019-10-25,76534-45229-SG,E-D-0.5,3.0
CCZ-19589-212,2019-09-13,81744-27332-RR,L-M-0.2,2.0
CFZ-53492-600,2020-04-12,91513-75657-PH,L-M-0.2,1.0
CGO-79583-871,2019-11-14,30373-66619-CB,E-D-0.5,1.0
CHE-78995-767,2019-07-18,31582-23562-FM,A-D-0.5,3.0
CIX-22904-641,2019-07-18,31582-23562-FM,R-M-1,1.0
CKF-43291-846,2021-04-03,81431-12577-VD,E-L-2.5,1.0
CKS-47815-571,2021-03-29,68894-91205-MP,L-L-0.5,3.0
CLJ-23403-689,2021-12-15,87602-55754-VN,R-L-1,2.0
CNJ-56058-223,2020-05-20,39181-35745-WH,L-L-0.5,3.0
CNY-06284-066,2020-11-02,30381-64762-NG,E-D-0.2,5.0
COL-72079-610,2020-07-25,17503-27693-ZH,E-L-0.5,4.0
COV-52659-202,2019-03-14,89442-35633-HJ,L-M-2.5,2.0
CPV-90280-133,2020-07-02,13654-85265-IL,R-D-0.2,3.0
CPW-34587-459,2019-12-17,40946-22090-FP,A-L-2.5,6.0
CPX-19312-088,2020-12-06,29050-93691-TS,L-M-0.5,6.0
CPX-46916-770,2021-03-04,64395-74865-WF,R-L-1,6.0
CQM-49696-263,2021-07-17,81861-66046-SU,L-L-2.5,3.0
CQW-37388-302,2020-11-04,13366-78506-KP,A-D-2.5,3.0
CRK-07584-240,2021-04-05,08847-29858-HN,A-M-1,3.0
CSW-59644-267,2020-03-01,00539-42510-RY,E-M-2.5,1.0
CTE-31437-326,2021-10-19,45190-08727-NV,E-M-0.2,4.0
CTE-31437-326,2022-07-08,87049-37901-FU,L-D-1,4.0
CTE-31437-326,2019-08-17,34015-31593-JC,L-L-0.2,3.0
CTE-31437-326,2020-05-31,90305-50099-SV,R-M-0.2,4.0
CUN-90044-279,2020-05-05,55871-61935-MF,L-D-0.2,4.0
CUU-92244-729,2019-04-14,15405-60469-TM,E-M-1,3.0
CVA-64996-969,2020-07-29,06953-94794-FB,A-L-1,6.0
CVE-15042-481,2019-12-12,22305-40299-CY,R-L-1,2.0
CVP-18956-553,2022-06-15,09020-56774-GU,L-D-1,3.0
CWK-60159-881,2019-06-26,92926-08470-YS,E-D-0.2,3.0
CWT-27056-328,2021-10-12,07250-63194-JO,E-D-0.2,6.0
CXD-74176-600,2019-04-01,63787-96257-TQ,E-L-0.5,4.0
CXI-04933-855,2021-03-10,49530-25460-RW,E-L-2.5,6.0
CYH-53243-218,2019-08-16,66508-21373-OQ,R-M-0.5,3.0
CYM-74988-450,2020-08-11,20203-03950-FY,L-D-0.2,4.0
CYV-13426-645,2022-04-05,83895-90735-XH,E-D-1,1.0
CYZ-37122-164,2019-10-22,61954-61462-RJ,E-M-0.5,2.0
CZD-56716-840,2021-10-02,47939-53158-LS,L-D-2.5,4.0
CZF-40873-691,2021-10-02,47939-53158-LS,E-M-0.5,2.0
CZG-01299-952,2021-10-02,47939-53158-LS,L-D-1,2.0
CZG-86544-655,2021-03-13,61513-27752-FA,A-L-0.5,2.0
CZY-70361-485,2022-06-12,89714-19856-WX,E-L-2.5,6.0
DAH-46595-917,2019-04-27,87979-56781-YV,A-D-1,6.0
DBC-44122-300,2019-05-23,74126-88836-KA,L-M-0.2,3.0
DBU-81099-586,2020-07-14,37397-05992-VO,A-D-2.5,4.0
DCE-22886-861,2021-11-10,54904-18397-UD,E-D-0.2,1.0
DCI-96254-548,2021-08-31,19017-95853-EK,A-D-0.2,6.0
DDO-71442-967,2019-07-06,88593-59934-VU,L-D-0.2,5.0
DEC-11160-362,2022-03-04,47493-68564-YM,R-D-0.2,4.0
DFK-35846-692,2020-12-31,82246-82543-DW,R-D-0.2,5.0
DFS-49954-707,2020-07-31,03384-62101-IY,E-D-0.2,5.0
DFZ-45083-941,2021-05-24,86881-41559-OR,R-L-2.5,1.0
DGC-21813-731,2022-07-16,02536-18494-AQ,L-D-0.2,2.0
DGL-29648-995,2021-02-05,58638-01029-CB,L-M-0.2,2.0
DGY-35773-612,2021-07-29,90312-11148-LA,E-L-1,3.0
DGZ-82537-477,2022-03-17,68239-74809-TF,R-D-1,5.0
DHJ-87461-571,2021-02-11,91074-60023-IP,A-M-1,2.0
DHT-93810-053,2019-02-13,07972-83748-JI,E-L-1,5.0
DJG-14442-608,2022-05-13,08694-57330-XR,R-D-1,3.0
DJH-05202-380,2020-05-19,68412-11126-YJ,E-M-2.5,2.0
DKB-78053-329,2022-04-27,69037-66822-DW,R-M-0.2,2.0
DKM-97676-850,2020-09-09,01297-94364-XH,E-D-0.5,5.0
DLV-65840-759,2021-03-10,39919-06540-ZI,L-M-1,2.0
DLX-01059-899,2019-04-07,60512-78550-WS,R-L-1,5.0
DMY-96037-963,2020-07-12,40172-12000-AU,L-D-0.2,3.0
DNZ-11665-950,2020-07-12,40172-12000-AU,L-L-2.5,2.0
DOH-92927-530,2021-12-21,39019-13649-CL,L-L-0.2,6.0
DSL-69915-544,2020-10-04,12715-05198-QU,R-L-0.2,3.0
DSN-15872-519,2020-08-08,04513-76520-QO,L-L-2.5,4.0
DTB-71371-705,2020-10-11,88446-59251-SQ,L-D-1,1.0
DUV-12075-132,2021-11-10,23779-10274-KN,E-D-0.2,5.0
DUV-12075-132,2021-06-20,57235-92842-DK,L-D-0.5,2.0
DWB-61381-370,2021-10-04,75977-30364-AY,L-L-0.2,2.0
DWW-28642-549,2019-06-24,12299-30914-NG,E-D-0.2,2.0
DWY-56352-412,2019-10-26,59971-35626-YJ,R-D-0.2,1.0
DWZ-69106-473,2021-06-27,15380-76513-PS,L-L-2.5,4.0
DXA-50313-073,2019-09-06,73564-98204-EY,E-L-1,2.0
DXQ-44537-297,2021-04-30,72282-40594-RX,E-L-0.5,4.0
DXY-76225-633,2020-01-07,17514-94165-RJ,A-M-0.5,1.0
DYG-25473-881,2021-01-11,56248-75861-JX,A-D-0.2,2.0
DYP-74337-787,2021-11-15,97855-54761-IS,R-M-0.5,1.0
DZI-35365-596,2019-06-03,96544-91644-IT,E-M-0.2,2.0
EAI-25194-209,2020-12-17,51971-70393-QM,A-L-2.5,5.0
EAY-89850-211,2021-02-07,06812-11924-IK,A-D-0.2,2.0
EBA-82404-343,2021-03-15,59741-90220-OW,L-D-0.2,4.0
EEG-74197-843,2022-08-04,62682-27930-PD,E-L-1,4.0
EEJ-16185-108,2019-01-19,00256-19905-YG,L-L-0.2,5.0
EFB-72860-209,2022-03-23,38890-22576-UI,A-M-0.2,4.0
EFC-39577-424,2021-10-07,94573-61802-PH,E-M-1,5.0
EGK-03027-418,2019-03-20,86447-02699-UT,E-M-0.2,3.0
EHE-94714-312,2021-12-15,51432-27169-KN,E-L-0.2,5.0
EHJ-05910-257,2022-06-08,43074-00987-PB,R-D-1,6.0
EHJ-82097-549,2019-12-14,04739-85772-QT,R-D-0.2,2.0
EHX-66333-637,2021-04-10,28279-78469-YW,L-M-0.5,2.0
EIL-44855-309,2020-03-10,91829-99544-DS,R-D-0.5,5.0
EIP-19142-462,2020-10-16,38978-59582-JP,A-L-0.2,1.0
EIP-19142-462,2019-10-08,86504-96610-BH,E-L-1,6.0
EJA-79176-833,2019-12-31,75986-98864-EZ,R-M-2.5,6.0
ELB-07929-407,2020-03-20,66776-88682-RG,A-M-2.5,2.0
ELJ-87741-745,2020-03-20,66776-88682-RG,E-L-1,4.0
EMA-63190-618,2021-03-29,85851-78384-DM,E-M-0.2,1.0
ENN-79947-323,2021-11-12,55232-81621-BX,L-M-0.5,2.0
ENQ-42923-176,2021-07-20,80310-92912-JA,A-L-0.5,3.0
EOI-02511-919,2019-01-18,19821-05175-WZ,A-D-0.5,5.0
EOI-02511-919,2019-08-07,01338-83217-GV,E-L-0.2,5.0
EOL-92666-762,2022-03-13,66044-25298-TA,L-L-0.2,2.0
EPT-12715-397,2022-05-17,28728-47861-TZ,A-D-0.2,6.0
EQE-31648-909,2019-12-14,32638-38620-AX,E-D-0.5,5.0
EQH-53569-934,2020-01-15,83163-65741-IH,E-M-1,4.0
EQI-82205-066,2019-04-12,89422-58281-FD,R-M-2.5,2.0
ERC-54560-934,2020-03-29,76293-30918-DQ,R-D-2.5,6.0
ESR-54041-053,2022-03-24,86779-84838-EJ,A-L-0.5,6.0
ESR-66651-814,2021-07-21,66806-41795-MX,A-D-0.2,4.0
ETD-58130-674,2019-08-06,64875-71224-UI,E-M-0.5,2.0
EUH-08089-954,2021-05-23,16982-35708-BZ,A-D-0.2,2.0
EUO-69145-988,2021-05-23,16982-35708-BZ,E-D-0.2,3.0
EVP-43500-491,2021-05-23,16982-35708-BZ,A-M-0.5,4.0
EXP-21628-670,2021-05-23,16982-35708-BZ,A-M-2.5,3.0
EYE-70374-835,2021-05-23,16982-35708-BZ,R-L-0.2,5.0
EYH-88288-452,2021-04-08,66708-26678-QK,L-L-2.5,5.0
EZB-68383-559,2021-10-17,08743-09057-OO,R-L-1,6.0
EZL-27919-704,2022-02-16,37490-01572-JW,L-L-0.5,5.0
EZT-46571-659,2020-07-15,01811-60350-CU,R-M-0.5,3.0
FAA-43335-268,2020-02-22,24766-58139-GT,A-L-1,1.0
FBD-56220-430,2021-01-15,90123-70970-NY,R-L-0.2,6.0
FBI-35855-418,2021-01-11,93809-05424-MG,R-M-0.5,6.0
FBZ-64200-586,2022-04-08,85425-33494-HQ,E-M-2.5,2.0
FDO-25756-141,2020-10-01,54387-64897-XC,A-L-2.5,3.0
FDY-03414-903,2019-10-28,01035-70465-UO,A-D-0.5,3.0
FEK-14025-351,2021-03-28,84260-39432-ML,E-L-0.2,6.0
FEO-11834-332,2020-03-31,69779-40609-RS,A-D-0.2,4.0
FEP-36895-658,2022-03-26,80247-70000-HT,R-L-0.2,6.0
FHD-89872-325,2019-11-06,35058-04550-VC,L-L-1,4.0
FHD-94983-982,2019-12-30,27226-53717-SY,R-M-0.5,3.0
FJQ-60035-234,2021-10-01,02002-98725-CH,A-L-0.2,2.0
FLI-11493-954,2020-12-09,38487-01549-MV,A-L-0.5,4.0
FLM-82229-989,2021-05-01,98573-41811-EQ,L-L-0.2,2.0
FLR-82914-153,2022-08-04,72463-75685-MV,A-M-2.5,6.0
FMT-94584-786,2022-08-04,72463-75685-MV,A-L-1,2.0
FND-99527-640,2021-11-13,10225-91535-AI,E-L-0.5,2.0
FOJ-02234-063,2020-09-16,48090-06534-HI,E-D-2.5,1.0
FQK-28730-361,2020-10-05,80444-58185-FX,R-M-1,6.0
FRD-17347-990,2020-01-06,13561-92774-WP,A-D-1,4.0
FSA-98650-921,2021-05-21,11550-78378-GE,L-L-0.5,2.0
FTC-35822-530,2020-02-26,90961-35603-RP,E-D-0.5,4.0
FTV-77095-168,2020-02-19,57145-03803-ZL,L-L-0.5,6.0
FUO-99821-974,2021-06-29,89115-11966-VF,E-M-1,3.0
FUX-85791-078,2021-03-27,05754-41702-FG,A-M-0.2,2.0
FVH-29271-315,2021-10-27,84269-49816-ML,A-D-0.5,3.0
FVV-75700-005,2019-06-12,23600-98432-ME,E-D-0.5,3.0
FWD-85967-769,2020-06-28,79058-02767-CP,E-D-0.2,3.0
FWE-98471-488,2021-03-23,89208-74646-UK,L-L-1,5.0
FWU-44971-444,2022-02-10,11408-81032-UR,A-D-2.5,3.0
FYQ-78248-319,2019-04-16,32070-55528-UG,R-M-2.5,5.0
FZQ-29439-457,2020-02-12,48873-84433-PN,E-L-0.2,5.0
GAZ-58626-277,2022-01-02,32928-18158-OW,L-L-0.2,2.0
GCD-75444-320,2020-12-07,89711-56688-GG,L-M-2.5,1.0
GEJ-39834-935,2020-02-20,48389-71976-JB,L-M-0.2,6.0
GFI-83300-059,2020-06-11,84033-80762-EQ,A-M-0.2,6.0
GFK-52063-244,2020-09-08,12743-00952-KO,L-L-0.5,6.0
GGD-38107-641,2020-03-28,41505-42181-EF,L-M-1,4.0
GHR-72274-715,2020-10-10,14307-87663-KB,L-D-1,1.0
GJC-66474-557,2022-05-21,08360-19442-GB,A-D-1,1.0
GKQ-82603-910,2020-04-30,93405-51204-UW,R-L-1,5.0
GMF-18638-786,2021-12-12,97152-03355-IW,L-D-0.5,6.0
GMM-72397-378,2020-10-27,79216-73157-TE,R-L-0.2,4.0
GND-08192-056,2020-07-07,20259-47723-AC,L-D-0.5,2.0
GNL-98714-885,2020-01-31,04666-71569-RI,R-M-1,3.0
GNO-91911-159,2020-02-18,08909-77713-CG,L-D-0.5,3.0
GNZ-46006-527,2021-06-13,84340-73931-VV,L-D-0.2,3.0
GOI-41472-677,2022-08-06,04609-95151-XH,E-D-2.5,4.0
GOW-03198-575,2021-11-23,99562-88650-YF,A-D-0.5,4.0
GPH-40635-105,2021-10-13,46560-73885-PJ,A-M-1,1.0
GPR-19973-483,2021-08-31,80179-44620-WN,R-D-0.5,5.0
GPT-67705-953,2020-01-16,04666-71569-RI,A-M-0.2,5.0
GPU-65651-504,2022-04-25,59081-87231-VP,E-M-2.5,2.0
GPU-79113-136,2021-11-13,07878-45872-CC,R-D-0.2,3.0
GPW-43956-761,2021-06-08,12444-05174-OO,E-L-0.5,6.0
GPZ-36017-366,2020-11-21,34665-62561-AU,A-D-2.5,5.0
GQA-37241-629,2019-03-14,77877-11993-QH,A-M-0.2,2.0
GQR-12490-152,2019-08-16,32291-18308-YZ,R-L-0.2,1.0
GRB-68838-629,2019-04-22,25754-33191-ZI,R-L-2.5,4.0
GRH-45571-667,2022-05-02,53120-45532-KL,E-M-1,3.0
GSJ-01065-125,2020-02-11,36605-83052-WB,E-D-0.2,4.0
GTS-22482-014,2021-03-28,53683-35977-KI,L-M-2.5,4.0
GTT-73214-334,2021-05-08,07972-83134-NM,A-L-1,6.0
GUG-45603-775,2019-11-21,01035-70465-UO,L-L-0.2,5.0
GUU-40666-525,2021-05-17,25514-23938-IQ,A-L-0.2,3.0
GVG-59542-307,2019-07-09,49084-44492-OJ,E-M-1,2.0
GYA-80327-368,2020-05-20,76624-72205-CK,A-D-1,4.0
GZS-50547-887,2021-08-27,12729-50170-JE,E-D-1,2.0
HBH-64794-080,2022-04-30,43974-44760-QI,R-D-0.2,3.0
HBY-35655-049,2020-06-03,30585-48726-BK,E-D-2.5,3.0
HCA-87224-420,2022-06-13,16123-07017-TY,E-M-0.5,5.0
HCT-95608-959,2020-06-10,27723-45097-MH,R-M-2.5,5.0
HDQ-86094-507,2020-12-18,37078-56703-AF,E-D-1,6.0
HEL-86709-449,2019-08-31,79420-11075-MY,E-D-2.5,1.0
HFT-77191-168,2019-02-25,57504-13456-UO,R-D-0.2,2.0
HGE-19842-613,2021-02-07,53751-57560-CN,R-L-0.5,4.0
HGJ-82768-173,2021-01-14,96112-42558-EA,A-M-1,4.0
HHF-36647-854,2019-02-24,03157-23165-UB,A-D-2.5,6.0
HHO-79903-185,2019-06-23,51466-52850-AG,A-L-2.5,1.0
HKN-31467-517,2020-05-09,57145-31023-FK,L-M-1,6.0
HMB-30634-745,2020-07-18,66408-53777-VE,A-D-2.5,6.0
HNI-91338-546,2019-10-17,53035-99701-WG,A-D-0.5,5.0
HPD-65272-772,2022-05-16,45899-92796-EI,L-M-2.5,1.0
HPI-42308-142,2021-03-24,17649-28133-PY,E-M-0.5,2.0
HRM-94548-288,2019-11-03,49612-33852-CN,A-L-2.5,6.0
HSF-66926-425,2021-10-28,66976-43829-YG,L-D-2.5,5.0
HST-96923-073,2020-12-16,64852-04619-XZ,R-D-2.5,6.0
HTH-52867-812,2021-11-29,58690-31815-VY,A-M-2.5,4.0
HTR-21838-286,2021-03-20,62863-81239-DT,A-L-1,2.0
HTS-15020-632,2022-04-08,21177-40725-CF,R-M-0.2,3.0
HTY-30660-254,2020-08-14,99421-80253-UI,R-M-1,3.0
HUB-47311-849,2019-05-12,45315-50206-DK,L-M-0.5,3.0
HUG-52766-375,2021-03-03,09595-95726-OV,A-D-2.5,4.0
HVQ-64398-930,2020-02-11,60221-67036-TD,A-M-0.5,6.0
HVU-21634-076,2019-04-27,62923-29397-KX,R-L-2.5,4.0
HVW-25584-144,2022-03-26,33011-52383-BA,L-L-0.2,5.0
HXA-72415-025,2020-09-28,86768-91598-FA,A-D-2.5,2.0
HXL-22497-359,2019-10-24,37191-12203-MX,A-L-1,3.0
HYF-10254-369,2021-08-04,16545-76328-JY,L-L-0.5,1.0
HYR-03455-684,2019-12-29,74330-29286-RO,E-D-1,6.0
HYR-03455-684,2019-11-27,22349-47389-GY,L-D-0.2,2.0
IBW-87442-480,2020-02-29,70290-38099-GB,A-L-2.5,1.0
ICC-73030-502,2021-01-31,18741-72071-PP,A-L-1,3.0
ICF-17486-106,2022-06-17,62588-82624-II,L-L-2.5,1.0
IDJ-55379-750,2020-02-03,37430-29579-HD,R-M-1,4.0
IDQ-20193-502,2022-01-25,84132-22322-QT,L-M-0.2,2.0
IDU-25793-399,2020-04-30,74330-29286-RO,A-M-0.2,5.0
IDU-25793-399,2021-05-01,37445-17791-NQ,E-D-0.2,4.0
IGK-51227-573,2021-10-28,58511-10548-ZU,L-D-0.5,2.0
IGM-84664-265,2021-08-29,47725-34771-FJ,R-L-0.5,3.0
IGW-04801-466,2019-12-27,53086-67334-KT,L-D-0.2,1.0
IHN-19982-362,2019-06-25,83308-82257-UN,R-L-1,3.0
IHS-71573-008,2019-03-02,37274-08534-FM,E-D-0.2,6.0
IIZ-24416-212,2022-01-02,54004-04664-AA,R-D-0.5,6.0
IJK-34441-720,2019-07-30,26822-19510-SD,A-M-0.5,6.0
IKK-62234-199,2019-07-30,26822-19510-SD,L-L-0.5,6.0
IKL-95976-565,2020-12-05,06432-73165-ML,A-M-1,2.0
IKQ-39946-768,2020-12-17,96503-31833-CW,R-M-1,6.0
ILQ-11027-588,2021-06-26,63985-64148-MG,E-D-1,6.0
IMP-12563-728,2019-07-20,19597-91185-CM,E-L-0.5,6.0
IOB-32673-745,2022-07-14,79814-23626-JR,A-L-0.5,3.0
IOM-51636-823,2020-08-14,43439-94003-DW,A-D-1,3.0
IOQ-84840-827,2019-04-24,97655-45555-LI,A-M-1,6.0
IPA-94170-889,2019-06-04,64418-01720-VW,R-L-0.2,3.0
IPP-31994-879,2022-08-08,96836-09258-RI,E-D-0.5,3.0
IRJ-67095-738,2019-11-13,37274-08534-FM,E-M-2.5,2.0
IRV-20769-219,2020-06-07,69529-07533-CV,E-M-0.2,3.0
IRX-59256-644,2019-08-12,94840-49457-UD,A-D-0.2,3.0
ISJ-48676-420,2019-09-04,81414-81273-DK,L-L-0.5,6.0
ISK-42066-094,2019-10-04,76930-61689-CH,E-D-1,3.0
ISL-11200-600,2020-02-24,12839-56537-TQ,A-D-0.2,6.0
ITA-87418-783,2021-08-26,62741-01322-HU,R-D-2.5,2.0
ITE-28312-615,2021-10-03,43439-94003-DW,E-L-1,6.0
ITR-54735-364,2020-06-13,44932-34838-RM,R-D-0.2,5.0
ITY-92466-909,2021-03-01,91181-19412-RQ,A-M-2.5,3.0
ITZ-21793-986,2019-03-04,37182-54930-XC,E-D-0.2,4.0
IWL-13117-537,2019-10-13,08613-17327-XT,R-D-0.2,3.0
IXU-20263-532,2019-10-13,08613-17327-XT,L-M-2.5,2.0
IXU-67272-326,2019-08-15,70451-38048-AH,E-L-0.5,5.0
IXW-20780-268,2021-11-29,35442-75769-PL,L-L-2.5,2.0
IYO-10245-081,2020-01-19,83737-56117-JE,E-M-2.5,3.0
IZA-61469-812,2021-05-28,07095-81281-NJ,L-D-2.5,4.0
IZU-90429-382,2022-01-15,77043-48851-HG,A-L-1,3.0
JAF-18294-750,2019-12-04,78224-60622-KH,R-D-2.5,6.0
JBE-92943-643,2022-07-01,83105-86631-IU,E-D-2.5,5.0
JBP-78754-392,2019-05-07,99358-65399-TC,E-M-2.5,6.0
JBQ-93412-846,2020-08-23,94525-76037-JP,E-L-2.5,4.0
JBW-95055-851,2020-06-02,43439-94003-DW,A-M-1,5.0
JDS-33440-914,2020-01-30,82718-93677-XO,R-M-1,3.0
JEG-93140-224,2020-02-15,44708-78241-DF,E-M-0.5,5.0
JEH-37276-048,2021-06-11,23039-93032-FN,A-L-0.5,3.0
JGZ-16947-591,2022-03-11,35256-12529-FT,L-L-0.2,6.0
JHW-74554-805,2021-09-09,86100-33488-WP,R-M-1,6.0
JIG-27636-870,2019-05-14,64435-53100-WM,R-L-1,4.0
JJX-83339-346,2019-04-08,44699-43836-UH,R-L-0.2,1.0
JKA-27899-806,2020-08-15,29588-35679-RG,R-L-1,5.0
JKC-64636-831,2020-08-15,29588-35679-RG,A-M-2.5,2.0
JLJ-81802-619,2022-05-05,64815-54078-HH,A-L-1,6.0
JLN-14700-924,2021-03-27,59572-41990-XY,L-L-0.2,5.0
JMS-48374-462,2019-04-27,32481-61533-ZJ,A-D-2.5,2.0
JNA-21450-177,2021-09-25,31587-92570-HL,A-D-1,3.0
JOM-80930-071,2020-02-13,93832-04799-ID,L-D-1,6.0
JPB-45297-000,2021-07-16,59367-30821-ZQ,R-L-0.2,4.0
JQK-64922-985,2022-05-11,83947-45528-ET,R-M-2.5,3.0
JQT-14347-517,2019-02-04,60799-92593-CX,R-D-1,1.0
JSN-73975-443,2019-02-05,61600-55136-UM,L-M-0.5,1.0
JSU-23781-256,2022-05-24,59771-90302-OF,L-D-0.2,1.0
JSU-23781-256,2020-10-04,16880-78077-FB,R-M-1,4.0
JTU-55897-581,2022-06-30,74415-50873-FC,R-M-0.2,5.0
JUA-13580-095,2020-10-21,31798-95707-NR,R-L-0.2,4.0
JUO-34131-517,2020-10-16,59122-08794-WT,L-D-1,6.0
JVF-91003-729,2020-09-23,37238-52421-JJ,A-D-2.5,3.0
JVW-22582-137,2019-03-08,48854-01899-FN,E-M-0.2,5.0
JXP-28398-485,2021-06-30,80896-38819-DW,A-D-2.5,5.0
JYR-22052-185,2019-08-13,29814-01459-RC,A-M-0.5,2.0
JZC-31180-557,2021-02-22,43439-94003-DW,L-M-2.5,1.0
JZV-43874-185,2022-03-26,48497-29281-FE,A-M-1,5.0
KAC-83089-793,2020-01-10,43605-12616-YH,E-M-1,2.0
KAC-83089-793,2019-05-01,21907-75962-VB,R-L-2.5,2.0
KAR-24978-271,2020-02-09,69503-12127-YD,R-M-1,6.0
KAW-95195-329,2021-12-29,68810-07329-EU,R-D-2.5,4.0
KBB-52530-416,2020-09-09,08478-75251-OG,L-D-2.5,2.0
KCW-50949-318,2021-09-16,17005-82030-EA,E-L-1,5.0
KCY-61732-849,2020-10-26,42179-95059-DO,L-D-1,2.0
KFJ-46568-890,2019-03-12,55989-39849-WO,E-L-0.5,2.0
KGC-95046-911,2021-02-18,28932-49296-TM,A-M-2.5,2.0
KGZ-56395-231,2020-10-29,86144-10144-CB,A-D-0.5,1.0
KHG-33953-115,2021-09-06,60973-72562-DQ,L-D-0.5,3.0
KHK-13105-388,2021-09-06,60973-72562-DQ,A-M-1,6.0
KHO-27106-786,2020-09-09,11263-86515-VU,A-M-1,6.0
KHO-27106-786,2021-09-26,60004-62976-NI,L-D-2.5,6.0
KHZ-26264-253,2020-11-05,77876-28498-HI,L-L-0.2,6.0
KIX-93248-135,2019-09-12,61302-06948-EH,A-D-0.5,1.0
KJB-98240-098,2019-07-31,06757-96251-UH,L-L-1,5.0
KJJ-12573-591,2019-03-15,44530-75983-OD,A-L-2.5,1.0
KLD-88731-484,2021-05-16,44865-58249-RY,A-M-1,5.0
KMB-95211-174,2019-05-06,36021-61205-DF,R-D-2.5,4.0
KMS-49214-806,2019-02-06,75716-12782-SS,E-L-2.5,4.0
KPO-24942-184,2021-04-09,11812-00461-KH,L-L-2.5,3.0
KRB-88066-642,2020-05-20,46681-78850-ZW,L-M-1,5.0
KRW-91640-596,2020-12-02,01932-87052-KO,R-L-0.5,3.0
KRZ-13868-122,2021-08-08,16046-34805-ZF,E-L-1,3.0
KSH-47717-456,2022-02-03,34546-70516-LR,L-M-1,3.0
KTO-53793-109,2022-04-08,73699-93557-FZ,R-L-0.2,2.0
KTX-17944-494,2021-01-07,86686-37462-CK,A-L-0.2,1.0
KUX-19632-830,2021-09-02,14298-02150-KH,E-D-0.2,6.0
KXA-27983-918,2021-11-04,48675-07824-HJ,R-L-0.5,5.0
KXN-85094-246,2021-08-02,18551-80943-YQ,L-M-2.5,3.0
KYG-28296-920,2020-01-27,19196-09748-DB,E-M-2.5,1.0
KYS-27063-603,2019-12-03,72233-08665-IP,E-L-2.5,4.0
KZR-33023-209,2019-08-06,53817-13148-RK,E-L-1,3.0
LAA-41879-001,2020-03-11,92227-49331-QR,L-L-2.5,1.0
LAW-80062-016,2021-09-18,12997-41076-FQ,E-M-0.5,6.0
LBC-45686-819,2020-11-07,44220-00348-MB,A-M-1,5.0
LBZ-75997-047,2022-06-27,93047-98331-DD,A-M-2.5,6.0
LCB-02099-995,2020-02-05,16880-78077-FB,A-D-0.2,6.0
LCU-93317-340,2020-02-05,16880-78077-FB,R-D-0.2,1.0
LCY-24377-948,2020-02-07,67285-75317-XI,R-L-2.5,1.0
LDK-71031-121,2020-12-18,88167-57964-PH,L-L-2.5,1.0
LEF-83057-763,2021-08-23,16106-36039-QS,L-M-0.2,5.0
LGD-24408-274,2021-08-20,98921-82417-GN,L-L-0.5,3.0
LGL-16843-667,2019-04-01,55265-75151-AK,A-D-0.2,4.0
LHN-75209-742,2021-01-28,47386-50743-FG,R-M-0.5,6.0
LHX-81117-166,2019-10-21,32622-54551-UC,R-L-1,4.0
LIN-88046-551,2021-06-20,16880-78077-FB,R-L-0.5,4.0
LIS-96202-702,2021-11-04,48419-02347-XP,L-D-2.5,4.0
LJN-34281-921,2021-04-05,14121-20527-OJ,R-L-2.5,5.0
LKE-14821-285,2019-12-09,53486-73919-BQ,R-M-0.2,5.0
LOO-35324-159,2022-01-02,21889-94615-WT,A-L-0.2,4.0
LOU-41819-242,2019-12-08,87726-16941-QW,R-M-1,2.0
LPS-39089-432,2021-11-28,03677-09134-BC,R-D-1,5.0
LQG-41416-375,2022-03-11,93224-71517-WV,L-D-1,3.0
LQU-08404-173,2021-01-17,76263-95145-GJ,L-L-1,3.0
LRK-97117-150,2019-01-18,68555-89840-GZ,L-L-1,6.0
LTD-71429-845,2019-04-07,70624-19112-AO,A-L-0.5,1.0
LTD-96842-834,2021-02-03,58916-61837-QH,L-D-2.5,6.0
LTN-89139-350,2019-04-18,89292-52335-YZ,R-L-2.5,5.0
LTO-95975-728,2021-07-07,77284-34297-YY,R-L-0.5,4.0
LTP-31133-134,2021-02-23,50449-80974-BZ,A-L-0.5,3.0
LTS-03470-353,2021-08-10,08120-16183-AW,A-L-2.5,5.0
LUO-37559-016,2019-11-15,68044-89277-ML,L-M-1,3.0
LWJ-06793-303,2019-12-17,71364-35210-HS,R-M-2.5,2.0
LWL-68108-794,2020-03-18,37177-68797-ON,A-D-0.5,3.0
LWS-13938-905,2022-06-06,60308-06944-GS,A-M-2.5,6.0
LXK-00634-611,2021-05-20,49888-39458-PF,R-L-1,3.0
LXR-09892-726,2021-01-11,60748-46813-DZ,R-D-2.5,2.0
LXS-63326-144,2019-02-22,16385-11286-NX,R-L-0.5,2.0
LYP-52345-883,2021-11-24,68555-89840-GZ,E-M-0.5,1.0
MAY-77231-536,2022-01-18,72164-90254-EJ,A-M-0.2,2.0
MBM-00112-248,2021-08-13,67010-92988-CT,L-L-1,5.0
MBM-55936-917,2020-01-11,15776-91507-GT,L-D-0.5,3.0
MBT-23379-866,2020-07-05,23473-41001-CD,L-L-1,5.0
MDC-03318-645,2019-07-25,23446-47798-ID,A-L-0.2,2.0
MDG-14481-513,2022-05-26,28327-84469-ND,A-M-2.5,4.0
MEK-39769-035,2020-01-10,42466-87067-DT,R-D-2.5,3.0
MEK-85120-243,2019-05-17,62246-99443-HF,R-L-0.2,3.0
MEX-29350-659,2020-07-24,99869-55718-UU,E-M-1,5.0
MGH-36050-573,2020-10-20,77421-46059-RY,R-M-0.5,2.0
MGQ-98961-173,2019-09-22,49894-06550-OQ,L-L-0.5,4.0
MHD-95615-696,2020-06-07,72028-63343-SU,R-L-2.5,5.0
MHM-44857-599,2019-12-15,10074-20104-NN,L-D-1,1.0
MIF-17920-768,2020-12-06,71769-10219-IM,R-L-0.2,6.0
MIQ-16322-908,2021-12-06,22221-71106-JD,A-L-1,2.0
MIS-54381-047,2020-07-11,99735-44927-OL,A-D-0.5,5.0
MIU-01481-194,2021-06-28,27132-68907-RC,A-L-0.5,2.0
MIU-01481-194,2022-04-05,90440-62727-HI,R-M-1,6.0
MJF-20065-335,2022-03-24,36769-16558-SX,E-L-0.5,6.0
MJZ-93232-402,2020-02-08,10138-31681-SD,E-D-0.2,1.0
MKE-75518-399,2022-02-11,24669-76297-SF,A-M-1,3.0
MOR-12987-399,2020-07-02,78050-20355-DI,L-M-1,6.0
MOU-74341-266,2022-07-25,79825-17822-UH,A-D-0.5,4.0
MPQ-23421-608,2021-03-19,03990-21586-MQ,E-M-0.5,5.0
MPV-26985-215,2020-05-11,27493-46921-TZ,R-D-0.5,1.0
MQU-86100-929,2019-06-08,27132-68907-RC,L-L-0.5,4.0
MSB-08397-648,2019-06-08,27132-68907-RC,R-L-0.2,4.0
MSJ-11909-468,2019-06-08,27132-68907-RC,E-D-2.5,5.0
MUY-15309-209,2019-10-09,58816-74064-TF,L-D-1,3.0
MVB-22135-665,2021-02-20,09818-59895-EH,A-D-1,1.0
MVI-04946-827,2019-11-21,06488-46303-IZ,E-L-1,1.0
MVO-39328-830,2021-10-10,93046-67561-AY,A-L-0.5,6.0
MVO-39328-830,2021-08-05,68946-40750-LK,L-M-0.5,5.0
MVV-19034-198,2020-07-31,38387-64959-WW,E-D-2.5,6.0
MWP-46239-785,2020-09-19,48418-60841-CC,L-M-0.2,5.0
MXM-42948-061,2020-05-03,13736-92418-JS,L-L-0.2,4.0
MZJ-77284-941,2019-07-08,33000-22405-LO,E-L-0.2,5.0
MZL-81126-390,2019-10-26,46959-60474-LT,A-L-0.2,6.0
MZL-81126-390,2020-09-27,73431-39823-UP,A-M-0.2,2.0
NAR-00747-074,2022-02-28,90993-98984-JK,L-D-1,4.0
NBT-35757-542,2020-09-16,06552-04430-AG,E-L-0.2,3.0
NCH-55389-562,2020-10-28,54597-57004-QM,A-L-0.2,2.0
NCH-55389-562,2019-09-02,50238-24377-ZS,E-L-1,1.0
NCH-55389-562,2021-08-30,60370-41934-IF,E-L-2.5,5.0
NCH-55389-562,2021-06-04,06899-54551-EH,R-L-2.5,2.0
NEU-86533-016,2020-11-24,66458-91190-YC,R-D-0.2,6.0
NEX-63825-598,2020-06-21,80463-43913-WZ,R-L-0.5,2.0
NFA-03411-746,2020-07-13,67204-04870-LG,A-L-0.5,2.0
NFI-37188-246,2019-01-02,22721-63196-UJ,A-D-2.5,4.0
NFQ-23241-793,2019-01-02,22721-63196-UJ,A-M-1,3.0
NGG-24006-937,2019-01-02,22721-63196-UJ,E-M-2.5,4.0
NHI-23264-055,2019-01-02,22721-63196-UJ,A-D-0.5,4.0
NHL-11063-100,2022-02-17,55515-37571-RS,A-L-1,4.0
NID-20149-329,2020-12-19,25598-77476-CB,R-D-0.2,2.0
NJR-03699-189,2019-02-20,14888-85625-TM,E-D-2.5,1.0
NKW-24945-846,2021-01-14,92793-68332-NR,A-D-2.5,5.0
NLI-63891-565,2019-11-16,66458-91190-YC,E-M-0.2,5.0
NNB-20459-430,2019-12-04,64439-27325-LG,L-M-0.2,2.0
NNF-47422-501,2020-07-31,78570-76770-LB,E-L-0.2,6.0
NNH-62058-950,2019-03-11,98661-69719-VI,E-L-1,4.0
NOA-79645-377,2022-05-10,82990-92703-IX,R-D-0.5,5.0
NOK-50349-551,2021-12-25,49412-86877-VY,R-D-0.5,3.0
NOM-56457-507,2022-04-22,70879-00984-FJ,E-M-1,6.0
NOP-21394-646,2022-06-11,53414-73391-CR,E-L-0.5,6.0
NOP-21394-646,2022-04-27,43606-83072-OA,E-M-1,3.0
NOP-21394-646,2020-12-29,84466-22864-CE,L-D-2.5,5.0
NOP-21394-646,2020-07-14,66458-91190-YC,L-L-0.5,4.0
NOY-99738-977,2021-09-07,76499-89100-JQ,R-L-2.5,2.0
NQS-01613-687,2021-09-07,76499-89100-JQ,L-D-0.5,1.0
NQZ-82067-394,2019-06-09,39582-35773-ZJ,R-L-2.5,1.0
NSQ-72210-345,2020-10-25,66240-46962-IO,A-M-0.2,6.0
NTJ-88319-746,2021-02-28,10637-45522-ID,L-L-0.5,3.0
NUN-48214-216,2020-07-26,92599-58687-CS,A-M-0.5,4.0
NUO-20013-488,2022-06-05,06058-48844-PI,A-D-0.2,6.0
NUU-03893-975,2019-02-21,53631-24432-SY,L-L-0.5,2.0
NVN-66443-451,2020-04-05,18275-73980-KL,R-D-1,2.0
NWQ-70061-912,2019-01-10,23187-65750-HZ,R-M-0.5,1.0
NWT-78222-575,2022-04-12,22725-79522-GP,A-D-0.2,1.0
NXF-15738-707,2022-01-30,06279-72603-JE,R-D-0.5,2.0
NXM-89323-646,2021-05-14,83543-79246-ON,E-D-1,1.0
NXV-05302-067,2022-06-12,66794-66795-VW,L-M-2.5,4.0
NYQ-24237-772,2022-01-02,95424-67020-AP,L-D-0.5,4.0
NYY-73968-094,2022-01-24,73017-69644-MS,R-D-0.5,6.0
NZN-71683-705,2019-03-20,66458-91190-YC,A-L-2.5,6.0
OAM-76916-748,2020-11-21,67423-10113-LM,E-D-1,3.0
OAW-17338-101,2021-10-13,48582-05061-RY,R-D-0.2,6.0
OBN-66334-505,2021-10-19,32031-49093-KE,E-L-0.2,2.0
OCK-89033-348,2019-04-29,31715-98714-OO,A-L-0.2,6.0
OFN-49424-848,2019-10-12,73759-17258-KA,R-L-2.5,2.0
OFX-99147-470,2021-05-19,64897-79178-MH,R-M-1,6.0
OGB-91614-810,2021-07-03,73346-85564-JB,R-M-0.2,1.0
OGD-10781-526,2020-02-08,07476-13102-NJ,R-L-0.5,6.0
OGW-60685-912,2020-10-16,87223-37422-SK,E-D-2.5,4.0
OGY-19377-175,2020-10-23,57837-15577-YK,E-D-0.5,1.0
OHX-11953-965,2021-03-10,10142-55267-YO,E-L-2.5,2.0
OIB-13664-879,2021-07-07,73647-66148-VM,A-M-1,2.0
OIB-77163-890,2021-02-05,10142-55267-YO,E-L-0.5,5.0
OIL-26493-755,2020-12-11,92976-19453-DT,A-M-0.5,1.0
OJL-96844-459,2022-05-13,89757-51438-HX,L-L-0.2,5.0
OJU-34452-896,2019-10-23,76192-13390-HZ,E-L-0.5,1.0
OKA-93124-100,2020-09-11,02009-87294-SY,R-M-0.5,5.0
OKU-29966-417,2019-09-29,82872-34456-LJ,E-L-0.2,4.0
OLA-68289-577,2021-03-03,13181-04387-LI,A-M-0.5,5.0
OLF-77983-457,2021-11-23,24845-36117-TI,A-L-2.5,2.0
OLH-95722-362,2021-11-06,66458-91190-YC,L-D-0.5,3.0
OLH-95722-362,2021-01-29,86646-65810-TD,R-M-2.5,4.0
ONW-00560-570,2022-04-16,59480-02795-IU,A-M-1,2.0
OOU-61343-455,2021-07-24,61809-87758-LJ,A-M-1,2.0
OPY-30711-853,2019-08-11,77408-43873-RS,A-D-0.2,1.0
OQA-93249-841,2019-07-23,18366-65239-WF,A-M-2.5,6.0
OQS-46321-904,2020-06-09,19485-98072-PS,E-M-1,1.0
ORX-57454-917,2020-02-22,72072-33025-SD,E-D-2.5,3.0
ORZ-67699-748,2020-07-19,58118-22461-GC,A-M-2.5,6.0
OTA-40969-710,2021-09-20,90940-63327-DJ,R-L-1,5.0
OUQ-73954-002,2021-05-02,64481-42546-II,R-M-0.2,4.0
OVI-27064-381,2021-11-26,27536-28463-NJ,R-D-0.5,3.0
OVO-01283-090,2020-02-18,19485-98072-PS,L-L-2.5,2.0
OWH-11126-533,2020-04-07,70140-82812-KD,L-M-2.5,2.0
OWY-43108-475,2022-01-31,91895-55605-LS,A-M-0.2,6.0
OXY-65322-253,2019-02-19,43155-71724-XP,E-M-0.2,3.0
OYH-16533-767,2019-11-12,32038-81174-JF,E-L-1,4.0
OYU-25085-528,2022-05-16,59205-20324-NB,E-L-0.2,4.0
PBP-87115-410,2021-02-12,99899-54612-NX,E-D-0.5,5.0
PBT-36926-102,2021-04-04,26248-84194-FI,L-M-1,4.0
PCA-14081-576,2021-08-02,19485-98072-PS,R-L-0.2,5.0
PDB-98743-282,2022-06-08,84493-71314-WX,L-L-1,3.0
PJB-15659-994,2022-06-08,84493-71314-WX,L-D-2.5,4.0
PJC-31401-893,2020-05-14,39789-43945-IV,A-D-0.5,3.0
PJH-42618-877,2020-12-25,38972-89678-ZM,A-D-2.5,5.0
PJS-30996-485,2021-07-05,91465-84526-IJ,A-L-0.2,1.0
PJV-20427-019,2019-03-14,22832-98538-RB,A-L-2.5,3.0
PKJ-30083-501,2021-03-07,30844-91890-ZA,E-D-0.5,2.0
PKJ-99134-523,2021-11-05,05325-97750-WP,R-L-0.5,5.0
PKN-19556-918,2020-02-06,88992-49081-AT,A-D-0.2,1.0
PKN-19556-918,2021-03-12,10204-31464-SA,E-L-0.2,6.0
PKN-19556-918,2020-08-03,75156-80911-YT,L-D-0.5,4.0
PKN-19556-918,2019-07-25,53971-49906-PZ,R-D-2.5,5.0
PKQ-46841-696,2020-04-29,10728-17633-ST,R-M-0.5,3.0
PKR-88575-066,2019-05-02,13549-65017-VE,E-L-0.2,1.0
PMR-56062-609,2021-08-29,87688-42420-TO,E-D-0.5,3.0
PMV-54491-220,2020-03-13,05325-97750-WP,L-M-0.2,2.0
PNU-22150-408,2019-02-16,51901-35210-UI,A-D-0.2,6.0
POF-29666-012,2021-11-27,62483-50867-OM,R-D-0.5,1.0
PPP-78935-365,2021-11-23,92753-50029-SD,E-D-1,4.0
PQA-54820-810,2021-12-02,53809-98498-SN,A-L-1,3.0
PRP-53390-819,2019-01-06,66308-13503-KD,E-L-0.5,6.0
PSD-57291-590,2021-05-05,82458-87830-JE,A-M-0.5,1.0
PSS-22466-862,2021-10-23,41611-34336-WT,R-L-0.2,4.0
PSY-45485-542,2019-12-16,70089-27418-UJ,R-D-0.5,3.0
PTY-86420-119,2019-05-18,99978-56910-BN,A-D-0.5,4.0
PUH-55647-976,2019-07-14,09668-23340-IC,R-M-0.2,2.0
PUX-47906-110,2020-11-13,39457-62611-YK,L-M-1,4.0
PVI-72795-960,2020-07-16,90985-89807-RW,E-L-2.5,3.0
PVU-02950-470,2020-11-03,05325-97750-WP,E-D-1,1.0
QAK-77286-758,2022-03-20,17816-67941-ZS,R-L-0.5,5.0
QAW-05889-019,2022-02-16,90816-65619-LM,L-M-0.5,5.0
QBB-07903-622,2020-11-12,69761-61146-KD,R-L-1,5.0
QDO-57268-842,2019-10-05,24040-20817-QB,E-M-2.5,5.0
QDU-45390-361,2019-10-01,19524-21432-XP,E-M-0.5,1.0
QDV-03406-248,2020-03-06,14398-43114-RV,L-M-0.5,3.0
QEV-37451-860,2019-10-23,41486-52502-QQ,E-M-0.5,5.0
QEV-37451-860,2020-04-23,05325-97750-WP,R-M-1,2.0
QEW-47945-682,2020-06-24,20236-64364-QL,L-L-0.2,5.0
QEY-71761-460,2021-03-16,29102-40100-TZ,R-M-1,2.0
QHL-27188-431,2020-04-07,09171-42203-EB,L-L-0.5,2.0
QJB-90477-635,2021-09-30,29060-75856-UI,L-L-2.5,4.0
QKA-72582-644,2022-05-01,17088-16989-PL,E-M-0.5,2.0
QLC-52637-305,2021-01-21,14756-18321-CL,L-D-2.5,4.0
QLM-07145-668,2020-06-24,13324-78688-MI,E-D-0.2,2.0
QNA-31113-984,2019-03-03,73799-04749-BM,L-M-0.2,4.0
QNP-18893-547,2021-01-28,01927-46702-YT,R-L-1,5.0
QOJ-38788-727,2020-06-28,80467-17137-TO,E-M-2.5,5.0
QOO-24615-950,2020-07-05,14640-87215-BK,R-M-2.5,3.0
QPM-95832-683,2019-03-02,94447-35885-HK,L-L-1,2.0
QRA-73277-814,2022-05-01,71034-49694-CS,A-L-0.5,4.0
QTC-71005-730,2022-04-29,00445-42781-KX,A-L-0.2,4.0
QTG-93823-843,2022-04-29,00445-42781-KX,A-M-0.5,1.0
QTG-93823-843,2022-04-29,00445-42781-KX,E-D-0.5,3.0
QTR-19001-114,2022-04-29,00445-42781-KX,A-D-1,2.0
QUQ-90580-772,2020-08-06,96116-24737-LV,L-M-0.2,2.0
QUU-91729-492,2019-12-21,18684-73088-YL,A-D-0.2,4.0
QVL-32245-818,2020-04-19,74671-55639-TU,A-M-0.5,5.0
QWY-99467-368,2022-01-17,17488-65879-XL,A-D-2.5,1.0
QXX-89943-393,2019-01-22,46431-09298-OU,R-D-0.2,4.0
QYC-63914-195,2020-02-28,60378-26473-FE,E-L-1,3.0
RAU-17060-674,2019-08-07,34927-68586-ZV,L-L-0.2,1.0
RCK-04069-371,2021-05-15,29051-27555-GD,E-L-2.5,2.0
RDM-99811-230,2021-12-17,52143-35672-JF,L-M-0.2,5.0
RDW-33155-159,2021-09-09,64918-67725-MN,A-L-1,6.0
REH-56504-397,2020-02-19,85634-61759-ND,A-M-2.5,5.0
RFG-28227-288,2020-06-29,40180-22940-QB,A-L-0.5,6.0
RFH-64349-897,2022-05-13,34666-76738-SQ,E-D-0.5,3.0
RGJ-12544-083,2020-10-02,98536-88616-FF,L-D-2.5,3.0
RGM-01187-513,2021-12-02,55621-06130-SA,E-D-0.2,6.0
RGU-43561-950,2021-11-02,45666-86771-EH,A-L-2.5,5.0
RIK-61730-794,2020-02-23,52143-35672-JF,L-M-0.2,6.0
RIU-02231-623,2020-07-03,24689-69376-XX,R-L-0.5,5.0
RJI-71409-490,2019-02-11,71891-51101-VQ,L-M-0.5,5.0
RJR-12175-899,2020-09-10,71749-05400-CN,E-D-0.5,3.0
RJV-08261-583,2020-03-02,64845-00270-NO,A-D-0.2,5.0
RKW-81145-984,2021-06-28,29851-36402-UX,L-L-1,3.0
RLM-96511-467,2019-01-11,12190-25421-WM,R-L-2.5,1.0
RMA-08327-369,2019-09-20,52316-30571-GD,A-M-0.5,6.0
RMW-74160-339,2021-10-16,23243-92649-RY,R-L-2.5,4.0
RNH-54912-747,2020-01-01,39528-19971-OR,R-M-0.5,1.0
ROV-87448-086,2022-03-10,32743-78448-KT,A-M-2.5,4.0
RPJ-37787-335,2022-05-12,93417-12322-YB,A-M-2.5,3.0
RPW-36123-215,2020-09-10,56891-86662-UY,E-L-0.5,2.0
RRP-51647-420,2021-10-16,40414-26467-VE,E-D-1,3.0
RSR-96390-187,2021-06-17,87858-83734-RK,E-M-1,6.0
RTL-16205-161,2019-03-30,46818-20198-GB,A-M-0.5,1.0
RUJ-30649-712,2021-12-19,29808-89098-XD,L-L-0.2,2.0
RUK-78200-416,2021-12-19,29808-89098-XD,L-D-0.2,2.0
RUX-37995-892,2020-06-05,78786-77449-RQ,L-D-2.5,4.0
RWI-84131-848,2021-09-12,27878-42224-QF,R-D-2.5,2.0
RWR-77888-800,2022-03-16,32743-78448-KT,A-M-0.5,1.0
RXF-37618-213,2021-12-21,25331-13794-SB,R-L-0.5,1.0
RXI-67978-260,2019-05-21,55864-37682-GQ,E-D-1,6.0
RXN-55491-201,2021-10-26,97005-25609-CQ,R-L-0.2,6.0
RXW-91413-276,2020-03-26,94058-95794-IJ,R-D-2.5,2.0
RXW-91413-276,2020-10-14,40214-03678-GU,R-M-0.5,1.0
RYY-38961-093,2021-12-13,04921-85445-SL,A-M-0.2,6.0
RYZ-14633-602,2021-03-08,53386-94266-LJ,A-D-1,4.0
RZC-75150-413,2021-01-21,49480-85909-DG,E-D-0.5,5.0
RZN-65182-395,2021-01-10,18293-78136-MN,L-M-1,6.0
SBC-95710-706,2021-03-26,84641-67384-TD,E-M-0.2,2.0
SBI-60013-494,2022-03-25,72320-29738-EB,E-M-0.2,2.0
SBN-16537-046,2021-07-22,47355-97488-XS,A-D-0.2,1.0
SCL-94540-788,2020-09-06,63499-24884-PP,E-L-2.5,6.0
SCN-51395-066,2019-12-28,39193-51770-FM,L-L-0.5,4.0
SCS-67069-962,2020-04-20,61323-91967-GG,A-L-2.5,5.0
SCT-60553-454,2019-02-21,90123-01967-KS,L-L-0.2,5.0
SDB-77492-188,2022-03-17,15958-25089-OS,E-L-1,5.0
SEC-91807-425,2021-05-14,98430-37820-UV,A-M-1,2.0
SFB-93752-440,2019-01-06,21798-04171-XC,R-M-0.2,3.0
SFB-97929-779,2019-04-24,52798-46508-HP,E-D-0.5,4.0
SFC-34054-213,2021-05-30,46478-42970-EM,L-L-0.5,4.0
SFD-00372-284,2022-07-12,00246-15080-LE,L-M-0.2,2.0
SFF-86059-407,2021-01-31,94091-86957-HX,A-M-2.5,1.0
SGA-30059-217,2019-09-12,26295-44907-DK,A-D-0.5,5.0
SGI-48226-857,2020-06-30,95351-96177-QV,A-M-2.5,6.0
SGS-87525-238,2020-03-25,92204-96636-BS,E-D-1,5.0
SHP-17012-870,2021-04-14,03010-30348-UA,R-M-2.5,1.0
SHP-55648-472,2019-08-16,13441-34686-SW,A-M-1,6.0
SHT-04865-419,2021-12-17,96612-41722-VJ,R-L-0.2,4.0
SIB-83254-136,2019-12-31,94091-86957-HX,R-M-0.5,6.0
SKA-73676-005,2021-04-12,25504-41681-WA,L-M-1,4.0
SKO-45740-621,2019-09-28,75443-07820-DZ,L-M-0.5,2.0
SLD-63003-334,2022-06-15,39276-95489-XV,L-M-0.2,6.0
SNF-57032-096,2019-07-15,61437-83623-PZ,E-D-0.5,6.0
SNL-83703-516,2019-02-10,34317-87258-HQ,L-M-2.5,3.0
SNZ-44595-152,2022-06-04,18570-80998-ZS,R-L-1,2.0
SNZ-65340-705,2020-10-10,66580-33745-OQ,L-L-0.2,1.0
SOK-43535-680,2021-06-06,19820-29285-FD,E-M-0.5,3.0
SPA-79365-334,2019-03-16,11349-55147-SN,L-D-1,3.0
SPF-31673-217,2019-12-05,21141-12455-VB,E-M-1,6.0
SQT-07286-736,2019-01-20,71003-85639-HB,A-M-1,6.0
SRG-76791-614,2022-04-04,58443-95866-YO,E-L-0.5,1.0
SRJ-79353-838,2022-02-08,89646-21249-OH,A-L-1,6.0
SUB-13006-125,2019-06-30,64988-20636-XQ,A-L-0.5,5.0
SUZ-83036-175,2020-05-09,34704-83143-KS,R-D-0.2,5.0
SVD-75407-177,2021-06-11,67388-17544-XX,E-L-0.5,3.0
SVU-27222-213,2021-11-04,69411-48470-ID,L-L-0.2,5.0
SWP-88281-918,2022-02-20,94091-86957-HX,L-L-2.5,4.0
SXC-62166-515,2019-07-03,97741-98924-KT,R-L-2.5,5.0
SXW-34014-556,2021-06-01,79857-78167-KO,R-L-0.2,1.0
SYX-48878-182,2020-11-15,46963-10322-ZA,R-D-1,5.0
SZR-35951-530,2021-01-19,93812-74772-MV,E-D-2.5,3.0
SZW-48378-399,2021-10-10,48203-23480-UB,R-M-1,5.0
SZY-63017-318,2022-02-28,60357-65386-RD,A-L-0.2,2.0
TBB-29780-459,2021-10-01,35099-13971-JI,A-L-0.5,1.0
TBU-64277-625,2020-09-02,01304-59807-OB,E-M-1,6.0
TBU-65158-068,2020-07-31,50705-17295-NK,E-D-1,2.0
TCC-89722-031,2022-01-10,77657-61366-FY,L-D-0.5,1.0
TCR-01064-030,2021-03-09,57192-13428-PL,E-M-1,6.0
TCX-76953-071,2020-11-20,24891-77957-LU,E-D-0.2,5.0
TDJ-20844-787,2022-03-14,64896-18468-BT,A-L-0.5,5.0
TDZ-59011-211,2019-01-10,84761-40784-SV,R-D-2.5,4.0
TED-81959-419,2021-01-26,20236-42322-CM,A-L-2.5,5.0
TEH-08414-216,2021-04-26,49671-11547-WG,E-M-2.5,2.0
TFY-52090-386,2022-01-04,57976-33535-WK,E-L-0.5,2.0
TFY-52090-386,2019-08-20,55915-19477-MK,L-D-0.5,5.0
TGF-38649-658,2022-07-15,28121-11641-UA,L-M-0.5,2.0
THA-60599-417,2019-02-12,09540-70637-EV,A-M-2.5,3.0
THE-61147-027,2021-09-08,17775-77072-PP,L-D-1,2.0
TID-21626-411,2019-12-13,90392-73338-BC,R-L-0.5,3.0
TIR-71396-998,2021-08-25,94091-86957-HX,R-D-2.5,4.0
TJE-91516-344,2022-03-23,10725-45724-CO,E-M-1,2.0
TJG-73587-353,2019-04-11,87242-18006-IR,R-D-0.2,3.0
TKH-62197-239,2020-10-29,36572-91896-PP,A-D-0.5,3.0
TKL-20738-660,2020-07-30,25181-97933-UX,A-L-0.2,1.0
TKL-20738-660,2019-03-15,55374-03175-IA,E-M-0.2,1.0
TKL-20738-660,2021-12-27,76948-43532-JS,E-M-1,5.0
TKN-58485-031,2019-10-03,24344-88599-PP,R-D-1,2.0
TKY-71558-096,2019-02-05,54462-58311-YF,A-M-1,1.0
TME-59627-221,2020-08-31,90767-92589-LV,L-L-2.5,6.0
TMO-22785-872,2021-01-13,27517-43747-YD,E-M-1,6.0
TNI-91067-006,2021-03-22,77828-66867-KH,E-L-1,4.0
TNR-84447-052,2020-01-17,41054-59693-XE,E-D-2.5,4.0
TNW-41601-420,2019-07-02,26314-66792-VP,R-M-1,5.0
TNX-09857-717,2022-05-23,69410-04668-MA,L-M-1,6.0
TPA-93614-840,2022-06-14,94091-86957-HX,E-D-0.5,2.0
TRA-79507-007,2021-07-20,24972-55878-KX,R-L-2.5,4.0
TRZ-94735-865,2022-06-03,46296-42617-OQ,L-M-0.5,4.0
TVF-57766-608,2020-05-26,44494-89923-UW,L-D-0.5,1.0
TVV-42245-088,2019-07-26,11621-09964-ID,A-M-0.2,4.0
TWD-70988-853,2020-10-22,76319-80715-II,L-D-1,6.0
TXB-80533-417,2020-12-24,91654-79216-IC,L-L-1,2.0
TXF-79780-017,2019-09-06,56450-21890-HK,R-L-1,5.0
TXH-78646-919,2019-04-08,40600-58915-WZ,R-D-0.2,3.0
TYH-81940-054,2022-01-26,66527-94478-PB,E-L-0.2,5.0
TYP-85767-944,2019-11-28,77154-45038-IH,R-M-2.5,2.0
TZD-67261-174,2019-07-21,08439-55669-AI,E-D-2.5,1.0
TZU-64255-831,2019-07-21,08439-55669-AI,R-D-2.5,2.0
UBA-43678-174,2021-03-12,24972-55878-KX,E-D-2.5,6.0
UBI-59229-277,2022-01-01,24972-55878-KX,L-D-0.5,3.0
UBI-83843-396,2020-03-22,91509-62250-GN,R-L-1,2.0
UBW-50312-037,2020-09-18,83833-46106-ZC,A-L-2.5,4.0
UCT-03935-589,2019-01-03,19383-33606-PW,R-D-0.5,6.0
UCZ-59708-525,2021-09-29,67052-76184-CB,L-D-2.5,3.0
UDB-09651-780,2021-10-19,43452-18035-DH,E-D-0.5,2.0
UDG-65353-824,2022-07-14,88060-50676-MV,E-M-0.5,4.0
UDH-24280-432,2021-07-19,89574-96203-EP,L-L-1,4.0
UDN-88321-005,2021-12-10,12607-75113-UV,R-L-0.5,5.0
UDS-04807-593,2019-03-17,56991-05510-PR,L-D-0.5,2.0
UEA-72681-629,2020-02-28,01841-48191-NL,A-L-2.5,3.0
UEB-09112-118,2020-06-03,33269-10023-CO,A-M-0.5,4.0
UFZ-24348-219,2020-02-22,31245-81098-PJ,L-M-2.5,3.0
UGK-07613-982,2019-11-09,08946-56610-IH,A-M-0.5,3.0
UHK-63283-868,2020-03-07,20260-32948-EB,A-M-0.5,1.0
UHP-24614-199,2021-04-26,31613-41626-KX,A-M-1,4.0
UHW-74617-126,2021-11-11,75961-20170-RD,E-D-2.5,2.0
UJG-34731-295,2021-06-15,72524-06410-KD,A-M-2.5,1.0
UJQ-54441-340,2020-02-27,01841-48191-NL,A-L-0.2,5.0
UJQ-54441-340,2021-04-19,98918-34330-GY,E-M-0.2,2.0
UJV-32333-364,2022-07-29,51497-50894-WU,L-L-0.5,1.0
UKS-93055-397,2019-01-20,98636-90072-YE,A-D-2.5,5.0
ULA-24644-321,2022-02-21,47011-57815-HJ,R-D-2.5,4.0
ULM-49433-003,2020-05-03,61253-98356-VD,E-M-1,2.0
ULR-52653-960,2019-03-21,96762-10814-DA,L-L-2.5,2.0
ULU-07744-724,2019-06-13,63112-10870-LC,L-M-0.5,5.0
UMB-11223-710,2020-06-05,21403-49423-PD,R-D-0.2,6.0
UME-75640-698,2019-03-16,29581-13303-VB,A-M-0.5,4.0
UMM-28497-689,2021-12-03,86110-83695-YS,L-L-2.5,3.0
UMT-26130-151,2022-07-09,80454-42225-FT,L-M-0.2,3.0
UOA-23786-489,2020-04-29,29129-60664-KO,A-M-0.5,6.0
UOG-94188-104,2022-01-27,63025-62939-AN,A-M-0.5,5.0
UOJ-28238-299,2021-02-13,49012-12987-QT,R-L-0.2,6.0
UOM-71431-481,2020-07-13,50924-94200-SQ,R-D-2.5,1.0
UPF-60123-025,2020-03-12,15673-18812-IU,R-L-2.5,3.0
UPX-54529-618,2020-05-04,52151-75971-YY,L-D-1,3.0
UQI-28177-865,2021-04-03,19413-02045-CG,R-L-0.2,6.0
UQU-65630-479,2022-06-01,98185-92775-KT,R-M-2.5,4.0
USA-42811-560,2021-02-14,86991-53901-AT,E-L-0.2,2.0
USN-44968-231,2021-12-13,78226-97287-JI,R-L-1,4.0
USN-68115-161,2020-02-07,27930-59250-JT,E-M-0.2,6.0
UVF-59322-459,2021-02-08,40560-18556-YE,E-L-2.5,6.0
UZL-46108-213,2020-08-11,40780-22081-LX,L-L-1,2.0
VAJ-44572-469,2020-10-10,01603-43789-TN,R-L-0.2,6.0
VAU-44387-624,2020-10-10,01603-43789-TN,A-M-0.2,6.0
VCE-56531-986,2020-12-08,75419-92838-TI,R-M-0.5,5.0
VDZ-76673-968,2019-04-18,96516-97464-MF,E-D-0.5,2.0
VEA-31961-977,2021-01-04,90285-56295-PO,E-D-0.5,3.0
VEM-79839-466,2019-03-10,08100-71102-HQ,R-L-2.5,5.0
VET-41158-896,2019-11-29,84074-28110-OV,E-M-2.5,2.0
VFZ-91673-181,2022-07-19,27930-59250-JT,A-L-1,6.0
VGI-33205-360,2020-06-26,12747-63766-EU,L-M-0.5,6.0
VGM-24161-361,2019-02-14,83490-88357-LJ,E-M-2.5,2.0
VID-40587-569,2020-11-09,53729-30320-XZ,E-D-2.5,5.0
VIO-27668-766,2019-04-30,50384-52703-LA,R-D-2.5,1.0
VJF-46305-323,2020-10-30,53864-36201-FG,L-D-0.5,2.0
VKA-82720-513,2019-11-12,70631-33225-MZ,A-M-2.5,6.0
VKQ-39009-292,2022-02-11,54798-14109-HC,L-M-1,5.0
VMT-10030-889,2021-03-28,08023-52962-ET,A-L-1,6.0
VMW-26889-781,2021-12-10,41899-00283-VK,A-L-0.2,2.0
VNC-93921-469,2021-11-05,39011-18412-GR,L-L-1,1.0
VPX-08817-517,2020-02-29,60255-12579-PZ,L-L-1,5.0
VPX-44956-367,2021-08-06,80541-38332-BP,R-M-0.5,5.0
VQR-01002-970,2021-08-06,80541-38332-BP,E-L-2.5,5.0
VQV-59984-866,2021-03-19,72778-50968-UQ,R-D-0.2,3.0
VQW-91903-926,2021-04-16,23941-30203-MO,E-D-2.5,1.0
VRM-93594-914,2020-11-06,96434-50068-DZ,E-D-0.5,5.0
VRT-39834-265,2021-03-15,11729-74102-XB,L-L-1,3.0
VSN-94485-621,2021-10-17,88116-12604-TE,A-D-0.2,4.0
VSQ-07182-513,2019-09-07,27930-59250-JT,L-L-0.2,6.0
VSS-56247-688,2022-07-13,13082-41034-PD,L-M-2.5,4.0
VTB-46451-959,2021-11-21,18082-74419-QH,L-D-2.5,1.0
VTV-03546-175,2022-01-13,49401-45041-ZU,A-L-2.5,5.0
VUC-72395-865,2022-07-13,41252-45992-VS,A-D-0.5,6.0
VUT-20974-364,2021-11-02,54798-14109-HC,R-M-0.5,6.0
VVL-95291-039,2021-07-10,00852-54571-WP,E-L-0.2,2.0
VYD-28555-589,2021-10-07,13321-57602-GK,R-L-0.5,6.0
VYP-89830-878,2020-02-28,75006-89922-VW,A-M-2.5,2.0
VZH-86274-142,2022-07-05,52098-80103-FD,R-L-1,5.0
VZO-97265-841,2021-09-21,60121-12432-VU,R-M-0.2,4.0
WAG-26945-689,2019-01-03,68346-14810-UA,A-M-0.2,5.0
WAI-89905-069,2022-03-08,48464-99723-HK,A-L-0.5,3.0
WAV-38301-984,2022-03-08,48464-99723-HK,A-D-0.5,5.0
WBA-85905-175,2020-03-10,88420-46464-XE,L-M-0.2,1.0
WBK-62297-910,2021-11-27,37762-09530-MP,A-D-0.2,2.0
WCT-07869-499,2021-03-04,47268-50127-XY,R-D-0.5,5.0
WDM-77521-710,2021-11-16,25544-84179-QC,A-M-0.5,2.0
WDR-06028-345,2019-06-16,32058-76765-ZL,L-L-1,1.0
WDV-73864-037,2020-07-19,54798-14109-HC,L-M-0.5,5.0
WFH-21507-708,2020-02-28,69171-65646-UC,R-D-0.5,1.0
WFK-99317-827,2019-06-22,22503-52799-MI,L-D-2.5,3.0
WFT-16178-396,2019-09-08,08934-65581-ZI,R-D-0.2,5.0
WFV-88138-247,2022-05-26,15764-22559-ZT,R-L-1,3.0
WHQ-25197-475,2019-12-03,87519-68847-ZG,L-L-0.2,4.0
WIT-40912-783,2019-09-17,78012-56878-UB,L-D-0.2,4.0
WJJ-37489-898,2022-05-31,77192-72145-RG,A-M-1,1.0
WJR-51493-682,2019-10-21,86071-79238-CX,L-D-2.5,5.0
WKB-21680-566,2022-04-24,16809-16936-WF,A-M-0.5,3.0
WKD-81956-870,2021-01-13,11212-69985-ZJ,L-D-0.5,3.0
WKL-27981-758,2022-08-19,53893-01719-CL,A-M-2.5,2.0
WLL-59044-117,2019-03-02,66028-99867-WJ,R-D-1,6.0
WMA-34232-850,2020-01-21,62839-56723-CH,L-D-2.5,4.0
WMP-68847-770,2021-09-21,96849-52854-CR,L-L-0.2,1.0
WMU-87639-108,2019-08-30,19755-55847-VW,R-D-0.5,1.0
WNE-73911-475,2019-02-25,32900-82606-BO,L-D-0.5,6.0
WNR-71736-993,2019-09-17,16809-16936-WF,A-D-2.5,6.0
WNR-71736-993,2019-08-03,20118-28138-QD,L-D-0.5,4.0
WOQ-36015-429,2021-02-26,84057-45461-AH,A-D-0.5,6.0
WOQ-36015-429,2021-02-26,84057-45461-AH,L-M-0.2,5.0
WOQ-36015-429,2021-08-03,90882-88130-KQ,L-M-0.5,6.0
WOR-52762-511,2021-05-07,21617-79890-DD,E-L-2.5,6.0
WQK-10857-119,2019-06-14,20256-54689-LO,E-D-0.5,1.0
WRN-55114-031,2019-11-21,17572-27091-AA,E-L-2.5,3.0
WRP-39846-614,2021-03-31,82300-88786-UE,A-L-2.5,5.0
WRT-40778-247,2019-07-01,65732-22589-OW,R-L-1,4.0
WSV-49732-075,2020-05-05,77175-09826-SF,L-D-2.5,1.0
WTT-91832-645,2020-04-20,07237-32539-NB,A-M-1,3.0
WTV-24996-658,2019-07-18,54722-76431-EX,E-D-2.5,3.0
WUG-76466-650,2021-11-18,67847-82662-TE,L-D-0.5,3.0
WVS-57822-366,2020-06-20,51114-51191-EW,E-M-2.5,4.0
WVT-88135-549,2021-04-06,91809-58808-TV,A-D-1,3.0
WVV-79948-067,2019-06-17,84996-26826-DK,E-M-2.5,1.0
WWH-92259-198,2022-03-26,65732-22589-OW,L-D-1,4.0
WXG-25759-236,2021-09-30,93676-95250-XJ,E-L-2.5,2.0
WXT-85291-143,2019-06-19,28300-14355-GF,R-M-0.5,4.0
WYL-29300-070,2022-03-31,91190-84826-IQ,R-M-0.2,1.0
WYM-17686-694,2020-07-04,34570-99384-AF,A-D-2.5,5.0
XAH-93337-609,2021-11-21,57808-90533-UE,A-D-1,5.0
XBV-40336-071,2021-05-31,76060-30540-LB,A-D-0.2,3.0
XCG-07109-195,2020-04-11,76730-63769-ND,L-D-0.2,6.0
XDU-05471-219,2020-09-15,96042-27290-EQ,R-L-0.5,1.0
XED-90333-402,2021-11-23,57808-90533-UE,E-M-0.2,5.0
XEE-37895-169,2022-01-23,51940-02669-OR,A-L-2.5,3.0
XEY-48929-474,2021-01-27,99144-98314-GN,L-M-2.5,6.0
XHI-30227-581,2019-06-24,16358-63919-CE,L-D-2.5,6.0
XIR-88982-743,2020-03-15,67743-54817-UT,E-M-0.2,2.0
XIY-43041-882,2021-09-24,44601-51441-BH,A-M-1,1.0
XKB-41924-202,2019-04-05,97201-58870-WB,L-D-0.5,2.0
XKK-06692-189,2022-01-27,19849-12926-QF,R-D-1,3.0
XKO-54097-932,2021-09-10,40535-56770-UM,E-M-0.5,3.0
XLD-12920-505,2020-01-06,74940-09646-MU,E-L-0.5,6.0
XMC-20620-809,2022-03-15,06623-54610-HC,E-M-0.5,2.0
XNM-14163-951,2021-09-08,89490-75361-AF,E-L-2.5,6.0
XNU-83276-288,2021-11-11,94526-79230-GZ,R-M-0.5,1.0
XOQ-12405-419,2019-09-18,58559-08254-UY,R-D-2.5,4.0
XPG-66112-335,2021-07-29,88574-37083-WX,R-D-2.5,4.0
XQJ-86887-506,2022-03-20,67953-79896-AC,E-L-1,4.0
XRR-28376-277,2020-05-04,69207-93422-CQ,R-L-2.5,6.0
XSN-26809-910,2021-04-05,56060-17602-RG,E-M-2.5,2.0
XSZ-84273-421,2022-01-12,46859-14212-FI,R-M-0.5,3.0
XTH-67276-442,2022-01-12,46859-14212-FI,L-M-2.5,4.0
XTL-68000-371,2020-12-16,33555-01585-RP,A-M-0.5,4.0
XUE-87260-201,2022-05-30,11932-85629-CU,R-M-0.2,6.0
XUR-14132-391,2021-11-09,36192-07175-XC,R-D-0.5,4.0
XUS-73326-418,2022-04-08,46242-54946-ZW,E-L-1,6.0
XWC-20610-167,2019-10-08,95152-82155-VQ,E-D-0.2,2.0
XWD-18933-006,2021-09-12,13404-39127-WQ,A-L-0.2,2.0
XXJ-47000-307,2022-07-28,57808-90533-UE,A-D-0.2,4.0
XXJ-47000-307,2020-06-30,40226-52317-IO,A-L-2.5,3.0
XYL-52196-459,2019-01-09,34419-18068-AG,R-D-0.2,3.0
XZD-44484-632,2022-07-12,51738-61457-RS,A-D-0.2,2.0
XZD-44484-632,2020-11-30,86757-52367-ON,E-M-1,2.0
XZG-51938-658,2019-03-22,28158-93383-CK,E-L-0.5,6.0
YAC-50329-982,2022-02-15,44799-09711-XW,E-M-2.5,1.0
YAU-98893-150,2020-10-13,53667-91553-LT,L-M-1,3.0
YDS-02797-307,2021-12-27,86579-92122-OC,E-M-2.5,4.0
YES-51109-625,2021-08-01,01474-63436-TP,E-L-0.5,4.0
YET-17732-678,2020-11-18,90533-82440-EE,R-D-0.2,1.0
YFH-87456-208,2021-10-24,48553-69225-VX,L-M-0.2,2.0
YFX-64795-136,2021-10-24,48553-69225-VX,L-M-2.5,1.0
YGY-98425-969,2019-12-30,52374-27313-IV,L-M-1,1.0
YHV-68700-050,2021-02-02,14264-41252-SL,L-L-2.5,2.0
YHV-68700-050,2021-05-16,35367-50483-AR,R-M-0.5,5.0
YIE-87008-621,2022-04-23,69443-77665-QW,L-M-0.5,4.0
YIS-96268-844,2021-09-25,63411-51758-QC,E-L-0.2,6.0
YIT-15877-117,2022-06-07,68605-21835-UF,R-D-1,1.0
YJU-84377-606,2020-08-11,34786-30419-XY,A-D-1,1.0
YKX-23510-272,2019-02-28,15456-29250-RU,A-L-2.5,2.0
YLE-18247-749,2019-09-11,00886-35803-FG,A-L-0.5,3.0
YLK-78851-470,2021-04-08,31599-82152-AD,R-M-2.5,6.0
YLY-35287-172,2021-09-06,76209-39601-ZR,A-D-0.5,5.0
YOG-94666-679,2021-09-10,15064-65241-HB,L-D-0.2,2.0
YOK-93322-608,2022-05-22,69215-90789-DL,E-L-1,6.0
YPP-27450-525,2020-09-18,04317-46176-TB,E-M-0.5,3.0
YPT-95383-088,2021-08-31,04713-57765-KR,E-D-2.5,2.0
YQL-63755-365,2022-01-21,86579-92122-OC,A-M-0.2,4.0
YQU-65147-580,2022-06-10,86579-92122-OC,R-D-2.5,1.0
YTW-40242-005,2019-04-27,86579-92122-OC,L-D-1,4.0
YUL-42750-776,2019-04-27,86579-92122-OC,L-M-0.2,2.0
YUO-76652-814,2019-04-27,86579-92122-OC,A-D-0.2,6.0
YVH-19865-819,2019-04-27,86579-92122-OC,L-L-2.5,4.0
YVK-82679-655,2022-02-06,40959-32642-DN,R-M-0.5,4.0
YWH-50638-556,2022-01-30,77746-08153-PM,E-L-0.5,4.0
YWM-07310-594,2020-11-23,49667-96708-JL,E-M-0.5,5.0
YXF-57218-272,2022-04-13,24155-79322-EQ,R-M-0.2,6.0
YXO-79631-417,2021-01-07,95342-88311-SF,L-D-0.5,1.0
YXP-20078-116,2020-02-04,69374-08133-RI,R-M-0.5,1.0
YZA-25234-630,2019-09-16,83844-95908-RX,E-D-0.2,2.0
YZG-20575-451,2019-01-26,09667-09231-YM,L-L-1,4.0
ZAY-43009-775,2021-02-19,55427-08059-DF,L-D-0.2,6.0
ZCR-15721-658,2022-03-22,06624-54037-BQ,A-M-1,4.0
ZDC-64769-740,2019-07-03,48544-90737-AZ,E-M-0.5,1.0
ZDK-82166-357,2019-09-21,79463-01597-FQ,A-M-1,3.0
ZDK-84567-102,2019-08-26,27702-50024-XC,A-D-0.5,3.0
ZFR-79447-696,2021-08-03,57360-46846-NS,R-M-0.5,1.0
ZFS-30776-804,2021-10-24,84045-66771-SL,A-L-0.5,5.0
ZGD-94763-868,2019-04-01,46885-00260-TL,E-L-2.5,1.0
ZGK-97262-313,2021-12-08,96446-62142-EN,E-M-2.5,3.0
ZGM-83108-823,2019-06-27,07756-71018-GU,E-L-1,1.0
ZHQ-30471-635,2020-07-14,92048-47813-QB,L-M-0.5,5.0
ZIL-34948-499,2020-03-23,84045-66771-SL,A-D-0.5,2.0
ZJE-89333-489,2020-01-26,28699-16256-XV,L-D-2.5,1.0
ZKI-78561-066,2020-05-31,98476-63654-CG,A-D-0.2,3.0
ZMC-00336-619,2021-07-20,55409-07759-YG,A-M-0.5,4.0
ZMU-63715-204,2022-08-12,06136-65250-PG,E-D-1,6.0
ZPW-31329-741,2020-01-01,08405-33165-BS,E-M-0.2,1.0
ZPW-31329-741,2021-01-18,66070-30559-WI,E-M-2.5,4.0
ZPW-31329-741,2021-12-31,01282-28364-RZ,R-D-1,6.0
ZQI-47236-301,2020-05-04,51277-93873-RP,L-L-0.5,5.0
ZSL-66684-103,2021-02-20,84405-83364-DG,E-M-0.2,2.0
ZSO-58292-191,2020-03-07,83731-53280-YC,R-D-0.5,4.0
ZTX-80764-911,2019-04-05,03917-13632-KC,L-D-0.5,6.0
ZUR-55774-294,2022-06-06,62494-09113-RP,L-D-1,6.0
ZVG-20473-043,2022-06-06,62494-09113-RP,A-D-0.2,3.0
ZVQ-26122-859,2021-03-21,70567-65133-CN,A-L-2.5,6.0
ZWI-52029-159,2021-12-19,77869-81373-AY,E-M-1,2.0
ZWI-52029-159,2021-02-17,38536-98293-JZ,L-M-1,3.0
ZWK-03995-815,2020-01-06,43014-53743-XK,E-M-2.5,2.0
ZYQ-15797-695,2022-05-04,62494-09113-RP,R-D-0.5,5.0
ZYU-11345-774,2019-10-11,62494-09113-RP,L-M-0.5,5.0
ZZL-76364-387,2021-08-03,64965-78386-MY,R-L-2.5,4.0
