Order ID,Product ID,Unit Price,Quantity,Sale Amount
NUO-20013-488,A-D-0.2,2.985,6,17.91
FEO-11834-332,A-D-0.2,2.985,4,11.94
XXJ-47000-307,A-D-0.2,2.985,4,11.94
ISL-11200-600,A-D-0.2,2.985,6,17.91
EUH-08089-954,A-D-0.2,2.985,2,5.97
OPY-30711-853,A-D-0.2,2.985,1,2.985
QUU-91729-492,A-D-0.2,2.985,4,11.94
NWT-78222-575,A-D-0.2,2.985,1,2.985
WBK-62297-910,A-D-0.2,2.985,2,5.97
ESR-66651-814,A-D-0.2,2.985,4,11.94
RJV-08261-583,A-D-0.2,2.985,5,14.925
EPT-12715-397,A-D-0.2,2.985,6,17.91
LCB-02099-995,A-D-0.2,2.985,6,17.91
ZVG-20473-043,A-D-0.2,2.985,3,8.955
DYG-25473-881,A-D-0.2,2.985,2,5.97
PNU-22150-408,A-D-0.2,2.985,6,17.91
EAY-89850-211,A-D-0.2,2.985,2,5.97
YUO-76652-814,A-D-0.2,2.985,6,17.91
LGL-16843-667,A-D-0.2,2.985,4,11.94
PKN-19556-918,A-D-0.2,2.985,1,2.985
DCI-96254-548,A-D-0.2,2.985,6,17.91
SBN-16537-046,A-D-0.2,2.985,1,2.985
XZD-44484-632,A-D-0.2,2.985,2,5.97
VSN-94485-621,A-D-0.2,2.985,4,11.94
ZKI-78561-066,A-D-0.2,2.985,3,8.955
IRX-59256-644,A-D-0.2,2.985,3,8.955
XBV-40336-071,A-D-0.2,2.985,3,8.955
CHE-78995-767,A-D-0.5,5.97,3,17.91
WOQ-36015-429,A-D-0.5,5.97,6,35.82
AMM-79521-378,A-D-0.5,5.97,6,35.82
GOW-03198-575,A-D-0.5,5.97,4,23.88
EOI-02511-919,A-D-0.5,5.97,5,29.85
KIX-93248-135,A-D-0.5,5.97,1,5.97
ZDK-84567-102,A-D-0.5,5.97,3,17.91
WAV-38301-984,A-D-0.5,5.97,5,29.85
FDY-03414-903,A-D-0.5,5.97,3,17.91
MOU-74341-266,A-D-0.5,5.97,4,23.88
FVH-29271-315,A-D-0.5,5.97,3,17.91
HNI-91338-546,A-D-0.5,5.97,5,29.85
KGZ-56395-231,A-D-0.5,5.97,1,5.97
ZIL-34948-499,A-D-0.5,5.97,2,11.94
PTY-86420-119,A-D-0.5,5.97,4,23.88
MIS-54381-047,A-D-0.5,5.97,5,29.85
TKH-62197-239,A-D-0.5,5.97,3,17.91
YLY-35287-172,A-D-0.5,5.97,5,29.85
LWL-68108-794,A-D-0.5,5.97,3,17.91
VUC-72395-865,A-D-0.5,5.97,6,35.82
PJC-31401-893,A-D-0.5,5.97,3,17.91
NHI-23264-055,A-D-0.5,5.97,4,23.88
SGA-30059-217,A-D-0.5,5.97,5,29.85
BKK-47233-845,A-D-1,9.95,4,39.8
RYZ-14633-602,A-D-1,9.95,4,39.8
YJU-84377-606,A-D-1,9.95,1,9.95
IOM-51636-823,A-D-1,9.95,3,29.85
QTR-19001-114,A-D-1,9.95,2,19.9
XAH-93337-609,A-D-1,9.95,5,49.75
FRD-17347-990,A-D-1,9.95,4,39.8
BVU-77367-451,A-D-1,9.95,5,49.75
GYA-80327-368,A-D-1,9.95,4,39.8
WVT-88135-549,A-D-1,9.95,3,29.85
MVB-22135-665,A-D-1,9.95,1,9.95
DAH-46595-917,A-D-1,9.95,6,59.7
AHQ-40440-522,A-D-1,9.95,1,9.95
JNA-21450-177,A-D-1,9.95,3,29.85
AVK-76526-953,A-D-1,9.95,2,19.9
GJC-66474-557,A-D-1,9.95,1,9.95
DBU-81099-586,A-D-2.5,22.885,4,91.54
WYM-17686-694,A-D-2.5,22.885,5,114.425
NKW-24945-846,A-D-2.5,22.885,5,114.425
JXP-28398-485,A-D-2.5,22.885,5,114.425
WNR-71736-993,A-D-2.5,22.885,6,137.31
AZF-45991-584,A-D-2.5,22.885,1,22.885
HMB-30634-745,A-D-2.5,22.885,6,137.31
JVF-91003-729,A-D-2.5,22.885,3,68.655
FWU-44971-444,A-D-2.5,22.885,3,68.655
HXA-72415-025,A-D-2.5,22.885,2,45.77
HUG-52766-375,A-D-2.5,22.885,4,91.54
CQW-37388-302,A-D-2.5,22.885,3,68.655
AOX-44467-109,A-D-2.5,22.885,1,22.885
HHF-36647-854,A-D-2.5,22.885,6,137.31
QWY-99467-368,A-D-2.5,22.885,1,22.885
UKS-93055-397,A-D-2.5,22.885,5,114.425
GPZ-36017-366,A-D-2.5,22.885,5,114.425
PJH-42618-877,A-D-2.5,22.885,5,114.425
NFI-37188-246,A-D-2.5,22.885,4,91.54
JMS-48374-462,A-D-2.5,22.885,2,45.77
VMW-26889-781,A-L-0.2,3.885,2,7.77
FJQ-60035-234,A-L-0.2,3.885,2,7.77
TKL-20738-660,A-L-0.2,3.885,1,3.885
LOO-35324-159,A-L-0.2,3.885,4,15.54
MDC-03318-645,A-L-0.2,3.885,2,7.77
XWD-18933-006,A-L-0.2,3.885,2,7.77
KTX-17944-494,A-L-0.2,3.885,1,3.885
UJQ-54441-340,A-L-0.2,3.885,5,19.425
EIP-19142-462,A-L-0.2,3.885,1,3.885
QTC-71005-730,A-L-0.2,3.885,4,15.54
GUU-40666-525,A-L-0.2,3.885,3,11.655
ATY-28980-884,A-L-0.2,3.885,6,23.31
MZL-81126-390,A-L-0.2,3.885,6,23.31
OCK-89033-348,A-L-0.2,3.885,6,23.31
SZY-63017-318,A-L-0.2,3.885,2,7.77
PJS-30996-485,A-L-0.2,3.885,1,3.885
NCH-55389-562,A-L-0.2,3.885,2,7.77
SUB-13006-125,A-L-0.5,7.77,5,38.85
ZFS-30776-804,A-L-0.5,7.77,5,38.85
ENQ-42923-176,A-L-0.5,7.77,3,23.31
QRA-73277-814,A-L-0.5,7.77,4,31.08
LTD-71429-845,A-L-0.5,7.77,1,7.77
IOB-32673-745,A-L-0.5,7.77,3,23.31
ESR-54041-053,A-L-0.5,7.77,6,46.62
JEH-37276-048,A-L-0.5,7.77,3,23.31
TDJ-20844-787,A-L-0.5,7.77,5,38.85
YLE-18247-749,A-L-0.5,7.77,3,23.31
NFA-03411-746,A-L-0.5,7.77,2,15.54
TBB-29780-459,A-L-0.5,7.77,1,7.77
LTP-31133-134,A-L-0.5,7.77,3,23.31
MIU-01481-194,A-L-0.5,7.77,2,15.54
WAI-89905-069,A-L-0.5,7.77,3,23.31
FLI-11493-954,A-L-0.5,7.77,4,31.08
MVO-39328-830,A-L-0.5,7.77,6,46.62
CZG-86544-655,A-L-0.5,7.77,2,15.54
RFG-28227-288,A-L-0.5,7.77,6,46.62
ALM-80762-974,A-L-0.5,7.77,3,23.31
FAA-43335-268,A-L-1,12.95,1,12.95
RDW-33155-159,A-L-1,12.95,6,77.7
PQA-54820-810,A-L-1,12.95,3,38.85
VMT-10030-889,A-L-1,12.95,6,77.7
NHL-11063-100,A-L-1,12.95,4,51.8
FMT-94584-786,A-L-1,12.95,2,25.9
HXL-22497-359,A-L-1,12.95,3,38.85
VFZ-91673-181,A-L-1,12.95,6,77.7
IZU-90429-382,A-L-1,12.95,3,38.85
JLJ-81802-619,A-L-1,12.95,6,77.7
HTR-21838-286,A-L-1,12.95,2,25.9
BXN-64230-789,A-L-1,12.95,2,25.9
ICC-73030-502,A-L-1,12.95,3,38.85
CVA-64996-969,A-L-1,12.95,6,77.7
AGQ-06534-750,A-L-1,12.95,5,64.75
GTT-73214-334,A-L-1,12.95,6,77.7
MIQ-16322-908,A-L-1,12.95,2,25.9
SRJ-79353-838,A-L-1,12.95,6,77.7
XXJ-47000-307,A-L-2.5,29.785,3,89.355
WRP-39846-614,A-L-2.5,29.785,5,148.925
VTV-03546-175,A-L-2.5,29.785,5,148.925
IBW-87442-480,A-L-2.5,29.785,1,29.785
AMB-93600-000,A-L-2.5,29.785,1,29.785
UBW-50312-037,A-L-2.5,29.785,4,119.14
KJJ-12573-591,A-L-2.5,29.785,1,29.785
RGU-43561-950,A-L-2.5,29.785,5,148.925
XEE-37895-169,A-L-2.5,29.785,3,89.355
OLF-77983-457,A-L-2.5,29.785,2,59.57
LTS-03470-353,A-L-2.5,29.785,5,148.925
NZN-71683-705,A-L-2.5,29.785,6,178.71
CPW-34587-459,A-L-2.5,29.785,6,178.71
ZVQ-26122-859,A-L-2.5,29.785,6,178.71
UEA-72681-629,A-L-2.5,29.785,3,89.355
YKX-23510-272,A-L-2.5,29.785,2,59.57
SCS-67069-962,A-L-2.5,29.785,5,148.925
HRM-94548-288,A-L-2.5,29.785,6,178.71
HHO-79903-185,A-L-2.5,29.785,1,29.785
EAI-25194-209,A-L-2.5,29.785,5,148.925
PJV-20427-019,A-L-2.5,29.785,3,89.355
TED-81959-419,A-L-2.5,29.785,5,148.925
FDO-25756-141,A-L-2.5,29.785,3,89.355
VAU-44387-624,A-M-0.2,3.375,6,20.25
IDU-25793-399,A-M-0.2,3.375,5,16.875
WAG-26945-689,A-M-0.2,3.375,5,16.875
EFB-72860-209,A-M-0.2,3.375,4,13.5
OWY-43108-475,A-M-0.2,3.375,6,20.25
FUX-85791-078,A-M-0.2,3.375,2,6.75
YQL-63755-365,A-M-0.2,3.375,4,13.5
NSQ-72210-345,A-M-0.2,3.375,6,20.25
TVV-42245-088,A-M-0.2,3.375,4,13.5
RYY-38961-093,A-M-0.2,3.375,6,20.25
GFI-83300-059,A-M-0.2,3.375,6,20.25
MAY-77231-536,A-M-0.2,3.375,2,6.75
GPT-67705-953,A-M-0.2,3.375,5,16.875
MZL-81126-390,A-M-0.2,3.375,2,6.75
GQA-37241-629,A-M-0.2,3.375,2,6.75
EVP-43500-491,A-M-0.5,6.75,4,27
RWR-77888-800,A-M-0.5,6.75,1,6.75
HVQ-64398-930,A-M-0.5,6.75,6,40.5
BLD-12227-251,A-M-0.5,6.75,2,13.5
UOA-23786-489,A-M-0.5,6.75,6,40.5
NUN-48214-216,A-M-0.5,6.75,4,27
OIL-26493-755,A-M-0.5,6.75,1,6.75
ABO-29054-365,A-M-0.5,6.75,6,40.5
RMA-08327-369,A-M-0.5,6.75,6,40.5
AUP-10128-606,A-M-0.5,6.75,1,6.75
PSD-57291-590,A-M-0.5,6.75,1,6.75
UEB-09112-118,A-M-0.5,6.75,4,27
WDM-77521-710,A-M-0.5,6.75,2,13.5
RTL-16205-161,A-M-0.5,6.75,1,6.75
XTL-68000-371,A-M-0.5,6.75,4,27
BLV-60087-454,A-M-0.5,6.75,5,33.75
UOG-94188-104,A-M-0.5,6.75,5,33.75
JYR-22052-185,A-M-0.5,6.75,2,13.5
QVL-32245-818,A-M-0.5,6.75,5,33.75
WKB-21680-566,A-M-0.5,6.75,3,20.25
BLI-21697-702,A-M-0.5,6.75,2,13.5
ASG-27179-958,A-M-0.5,6.75,3,20.25
UHK-63283-868,A-M-0.5,6.75,1,6.75
IJK-34441-720,A-M-0.5,6.75,6,40.5
ZMC-00336-619,A-M-0.5,6.75,4,27
DXY-76225-633,A-M-0.5,6.75,1,6.75
QTG-93823-843,A-M-0.5,6.75,1,6.75
UGK-07613-982,A-M-0.5,6.75,3,20.25
OLA-68289-577,A-M-0.5,6.75,5,33.75
UME-75640-698,A-M-0.5,6.75,4,27
TKY-71558-096,A-M-1,11.25,1,11.25
ZDK-82166-357,A-M-1,11.25,3,33.75
XIY-43041-882,A-M-1,11.25,1,11.25
GPH-40635-105,A-M-1,11.25,1,11.25
NFQ-23241-793,A-M-1,11.25,3,33.75
OOU-61343-455,A-M-1,11.25,2,22.5
LBC-45686-819,A-M-1,11.25,5,56.25
CRK-07584-240,A-M-1,11.25,3,33.75
MKE-75518-399,A-M-1,11.25,3,33.75
HGJ-82768-173,A-M-1,11.25,4,45
DHJ-87461-571,A-M-1,11.25,2,22.5
JZV-43874-185,A-M-1,11.25,5,56.25
IKL-95976-565,A-M-1,11.25,2,22.5
SQT-07286-736,A-M-1,11.25,6,67.5
ZCR-15721-658,A-M-1,11.25,4,45
IOQ-84840-827,A-M-1,11.25,6,67.5
SHP-55648-472,A-M-1,11.25,6,67.5
JBW-95055-851,A-M-1,11.25,5,56.25
SEC-91807-425,A-M-1,11.25,2,22.5
KLD-88731-484,A-M-1,11.25,5,56.25
WTT-91832-645,A-M-1,11.25,3,33.75
KHO-27106-786,A-M-1,11.25,6,67.5
ONW-00560-570,A-M-1,11.25,2,22.5
BXH-62195-013,A-M-1,11.25,4,45
UHP-24614-199,A-M-1,11.25,4,45
KHK-13105-388,A-M-1,11.25,6,67.5
WJJ-37489-898,A-M-1,11.25,1,11.25
OIB-13664-879,A-M-1,11.25,2,22.5
RPJ-37787-335,A-M-2.5,25.875,3,77.625
ROV-87448-086,A-M-2.5,25.875,4,103.5
LBZ-75997-047,A-M-2.5,25.875,6,155.25
VYP-89830-878,A-M-2.5,25.875,2,51.75
VKA-82720-513,A-M-2.5,25.875,6,155.25
THA-60599-417,A-M-2.5,25.875,3,77.625
REH-56504-397,A-M-2.5,25.875,5,129.375
BPT-83989-157,A-M-2.5,25.875,2,51.75
SGI-48226-857,A-M-2.5,25.875,6,155.25
SFF-86059-407,A-M-2.5,25.875,1,25.875
ELB-07929-407,A-M-2.5,25.875,2,51.75
ORZ-67699-748,A-M-2.5,25.875,6,155.25
FLR-82914-153,A-M-2.5,25.875,6,155.25
WKL-27981-758,A-M-2.5,25.875,2,51.75
ACY-56225-839,A-M-2.5,25.875,3,77.625
ADX-50674-975,A-M-2.5,25.875,4,103.5
MDG-14481-513,A-M-2.5,25.875,4,103.5
BPZ-51283-916,A-M-2.5,25.875,2,51.75
EXP-21628-670,A-M-2.5,25.875,3,77.625
ITY-92466-909,A-M-2.5,25.875,3,77.625
HTH-52867-812,A-M-2.5,25.875,4,103.5
KGC-95046-911,A-M-2.5,25.875,2,51.75
JKC-64636-831,A-M-2.5,25.875,2,51.75
UJG-34731-295,A-M-2.5,25.875,1,25.875
BZP-33213-637,A-M-2.5,25.875,3,77.625
LWS-13938-905,A-M-2.5,25.875,6,155.25
OQA-93249-841,A-M-2.5,25.875,6,155.25
IDU-25793-399,E-D-0.2,3.645,4,14.58
XWC-20610-167,E-D-0.2,3.645,2,7.29
CWK-60159-881,E-D-0.2,3.645,3,10.935
QLM-07145-668,E-D-0.2,3.645,2,7.29
DFS-49954-707,E-D-0.2,3.645,5,18.225
GSJ-01065-125,E-D-0.2,3.645,4,14.58
IHS-71573-008,E-D-0.2,3.645,6,21.87
CNY-06284-066,E-D-0.2,3.645,5,18.225
DWW-28642-549,E-D-0.2,3.645,2,7.29
EUO-69145-988,E-D-0.2,3.645,3,10.935
YZA-25234-630,E-D-0.2,3.645,2,7.29
MJZ-93232-402,E-D-0.2,3.645,1,3.645
CWT-27056-328,E-D-0.2,3.645,6,21.87
ITZ-21793-986,E-D-0.2,3.645,4,14.58
RGM-01187-513,E-D-0.2,3.645,6,21.87
TCX-76953-071,E-D-0.2,3.645,5,18.225
FWD-85967-769,E-D-0.2,3.645,3,10.935
DCE-22886-861,E-D-0.2,3.645,1,3.645
KUX-19632-830,E-D-0.2,3.645,6,21.87
DUV-12075-132,E-D-0.2,3.645,5,18.225
IPP-31994-879,E-D-0.5,7.29,3,21.87
RFH-64349-897,E-D-0.5,7.29,3,21.87
VDZ-76673-968,E-D-0.5,7.29,2,14.58
CBT-55781-720,E-D-0.5,7.29,3,21.87
BYU-58154-603,E-D-0.5,7.29,4,29.16
VEA-31961-977,E-D-0.5,7.29,3,21.87
EQE-31648-909,E-D-0.5,7.29,5,36.45
VRM-93594-914,E-D-0.5,7.29,5,36.45
SFB-97929-779,E-D-0.5,7.29,4,29.16
FTC-35822-530,E-D-0.5,7.29,4,29.16
OGY-19377-175,E-D-0.5,7.29,1,7.29
RJR-12175-899,E-D-0.5,7.29,3,21.87
CGO-79583-871,E-D-0.5,7.29,1,7.29
DKM-97676-850,E-D-0.5,7.29,5,36.45
SNF-57032-096,E-D-0.5,7.29,6,43.74
PMR-56062-609,E-D-0.5,7.29,3,21.87
TPA-93614-840,E-D-0.5,7.29,2,14.58
RZC-75150-413,E-D-0.5,7.29,5,36.45
PBP-87115-410,E-D-0.5,7.29,5,36.45
FVV-75700-005,E-D-0.5,7.29,3,21.87
PKJ-30083-501,E-D-0.5,7.29,2,14.58
UDB-09651-780,E-D-0.5,7.29,2,14.58
WQK-10857-119,E-D-0.5,7.29,1,7.29
QTG-93823-843,E-D-0.5,7.29,3,21.87
AJL-52941-018,E-D-1,12.15,2,24.3
CYV-13426-645,E-D-1,12.15,1,12.15
PPP-78935-365,E-D-1,12.15,4,48.6
ILQ-11027-588,E-D-1,12.15,6,72.9
ISK-42066-094,E-D-1,12.15,3,36.45
AXR-10962-010,E-D-1,12.15,2,24.3
HDQ-86094-507,E-D-1,12.15,6,72.9
GZS-50547-887,E-D-1,12.15,2,24.3
RRP-51647-420,E-D-1,12.15,3,36.45
RXI-67978-260,E-D-1,12.15,6,72.9
SGS-87525-238,E-D-1,12.15,5,60.75
ZMU-63715-204,E-D-1,12.15,6,72.9
PVU-02950-470,E-D-1,12.15,1,12.15
HYR-03455-684,E-D-1,12.15,6,72.9
TBU-65158-068,E-D-1,12.15,2,24.3
OAM-76916-748,E-D-1,12.15,3,36.45
AWP-11469-510,E-D-1,12.15,2,24.3
NXM-89323-646,E-D-1,12.15,1,12.15
FOJ-02234-063,E-D-2.5,27.945,1,27.945
MSJ-11909-468,E-D-2.5,27.945,5,139.725
GOI-41472-677,E-D-2.5,27.945,4,111.78
YPT-95383-088,E-D-2.5,27.945,2,55.89
UBA-43678-174,E-D-2.5,27.945,6,167.67
SZR-35951-530,E-D-2.5,27.945,3,83.835
VID-40587-569,E-D-2.5,27.945,5,139.725
JBE-92943-643,E-D-2.5,27.945,5,139.725
OGW-60685-912,E-D-2.5,27.945,4,111.78
WTV-24996-658,E-D-2.5,27.945,3,83.835
VQW-91903-926,E-D-2.5,27.945,1,27.945
UHW-74617-126,E-D-2.5,27.945,2,55.89
TZD-67261-174,E-D-2.5,27.945,1,27.945
BQJ-44755-910,E-D-2.5,27.945,6,167.67
HBY-35655-049,E-D-2.5,27.945,3,83.835
NJR-03699-189,E-D-2.5,27.945,1,27.945
TNR-84447-052,E-D-2.5,27.945,4,111.78
ORX-57454-917,E-D-2.5,27.945,3,83.835
HEL-86709-449,E-D-2.5,27.945,1,27.945
MVV-19034-198,E-D-2.5,27.945,6,167.67
BRB-40903-533,E-L-0.2,4.455,3,13.365
EOI-02511-919,E-L-0.2,4.455,5,22.275
PKR-88575-066,E-L-0.2,4.455,1,4.455
YIS-96268-844,E-L-0.2,4.455,6,26.73
FZQ-29439-457,E-L-0.2,4.455,5,22.275
EHE-94714-312,E-L-0.2,4.455,5,22.275
FEK-14025-351,E-L-0.2,4.455,6,26.73
NBT-35757-542,E-L-0.2,4.455,3,13.365
OYU-25085-528,E-L-0.2,4.455,4,17.82
OKU-29966-417,E-L-0.2,4.455,4,17.82
BLV-60087-454,E-L-0.2,4.455,3,13.365
MZJ-77284-941,E-L-0.2,4.455,5,22.275
PKN-19556-918,E-L-0.2,4.455,6,26.73
USA-42811-560,E-L-0.2,4.455,2,8.91
NNF-47422-501,E-L-0.2,4.455,6,26.73
VVL-95291-039,E-L-0.2,4.455,2,8.91
BHA-47429-889,E-L-0.2,4.455,3,13.365
OBN-66334-505,E-L-0.2,4.455,2,8.91
TYH-81940-054,E-L-0.2,4.455,5,22.275
RPW-36123-215,E-L-0.5,8.91,2,17.82
YWH-50638-556,E-L-0.5,8.91,4,35.64
NOP-21394-646,E-L-0.5,8.91,6,53.46
PRP-53390-819,E-L-0.5,8.91,6,53.46
COL-72079-610,E-L-0.5,8.91,4,35.64
TFY-52090-386,E-L-0.5,8.91,2,17.82
OJU-34452-896,E-L-0.5,8.91,1,8.91
XLD-12920-505,E-L-0.5,8.91,6,53.46
SVD-75407-177,E-L-0.5,8.91,3,26.73
CXD-74176-600,E-L-0.5,8.91,4,35.64
XZG-51938-658,E-L-0.5,8.91,6,53.46
YES-51109-625,E-L-0.5,8.91,4,35.64
OIB-77163-890,E-L-0.5,8.91,5,44.55
DXQ-44537-297,E-L-0.5,8.91,4,35.64
ANK-59436-446,E-L-0.5,8.91,4,35.64
MJF-20065-335,E-L-0.5,8.91,6,53.46
ASS-05878-128,E-L-0.5,8.91,2,17.82
KFJ-46568-890,E-L-0.5,8.91,2,17.82
IXU-67272-326,E-L-0.5,8.91,5,44.55
FND-99527-640,E-L-0.5,8.91,2,17.82
SRG-76791-614,E-L-0.5,8.91,1,8.91
IMP-12563-728,E-L-0.5,8.91,6,53.46
GPW-43956-761,E-L-0.5,8.91,6,53.46
EEG-74197-843,E-L-1,14.85,4,59.4
DGY-35773-612,E-L-1,14.85,3,44.55
KRZ-13868-122,E-L-1,14.85,3,44.55
TNI-91067-006,E-L-1,14.85,4,59.4
ELJ-87741-745,E-L-1,14.85,4,59.4
XUS-73326-418,E-L-1,14.85,6,89.1
NNH-62058-950,E-L-1,14.85,4,59.4
KZR-33023-209,E-L-1,14.85,3,44.55
ZGM-83108-823,E-L-1,14.85,1,14.85
OYH-16533-767,E-L-1,14.85,4,59.4
SDB-77492-188,E-L-1,14.85,5,74.25
DHT-93810-053,E-L-1,14.85,5,74.25
EIP-19142-462,E-L-1,14.85,6,89.1
XQJ-86887-506,E-L-1,14.85,4,59.4
QYC-63914-195,E-L-1,14.85,3,44.55
MVI-04946-827,E-L-1,14.85,1,14.85
YOK-93322-608,E-L-1,14.85,6,89.1
ITE-28312-615,E-L-1,14.85,6,89.1
DXA-50313-073,E-L-1,14.85,2,29.7
KCW-50949-318,E-L-1,14.85,5,74.25
NCH-55389-562,E-L-1,14.85,1,14.85
VQR-01002-970,E-L-2.5,34.155,5,170.775
KYS-27063-603,E-L-2.5,34.155,4,136.62
PVI-72795-960,E-L-2.5,34.155,3,102.465
JBQ-93412-846,E-L-2.5,34.155,4,136.62
WXG-25759-236,E-L-2.5,34.155,2,68.31
RCK-04069-371,E-L-2.5,34.155,2,68.31
WOR-52762-511,E-L-2.5,34.155,6,204.93
CKF-43291-846,E-L-2.5,34.155,1,34.155
SCL-94540-788,E-L-2.5,34.155,6,204.93
CXI-04933-855,E-L-2.5,34.155,6,204.93
ZGD-94763-868,E-L-2.5,34.155,1,34.155
CZY-70361-485,E-L-2.5,34.155,6,204.93
XNM-14163-951,E-L-2.5,34.155,6,204.93
UVF-59322-459,E-L-2.5,34.155,6,204.93
OHX-11953-965,E-L-2.5,34.155,2,68.31
WRN-55114-031,E-L-2.5,34.155,3,102.465
KMS-49214-806,E-L-2.5,34.155,4,136.62
NCH-55389-562,E-L-2.5,34.155,5,170.775
OXY-65322-253,E-M-0.2,4.125,3,12.375
TKL-20738-660,E-M-0.2,4.125,1,4.125
SBI-60013-494,E-M-0.2,4.125,2,8.25
JVW-22582-137,E-M-0.2,4.125,5,20.625
UJQ-54441-340,E-M-0.2,4.125,2,8.25
USN-68115-161,E-M-0.2,4.125,6,24.75
ZPW-31329-741,E-M-0.2,4.125,1,4.125
EMA-63190-618,E-M-0.2,4.125,1,4.125
CTE-31437-326,E-M-0.2,4.125,4,16.5
SBC-95710-706,E-M-0.2,4.125,2,8.25
ZSL-66684-103,E-M-0.2,4.125,2,8.25
EGK-03027-418,E-M-0.2,4.125,3,12.375
NLI-63891-565,E-M-0.2,4.125,5,20.625
DZI-35365-596,E-M-0.2,4.125,2,8.25
XIR-88982-743,E-M-0.2,4.125,2,8.25
XED-90333-402,E-M-0.2,4.125,5,20.625
IRV-20769-219,E-M-0.2,4.125,3,12.375
QEV-37451-860,E-M-0.5,8.25,5,41.25
HPI-42308-142,E-M-0.5,8.25,2,16.5
UDG-65353-824,E-M-0.5,8.25,4,33
HCA-87224-420,E-M-0.5,8.25,5,41.25
JEG-93140-224,E-M-0.5,8.25,5,41.25
LYP-52345-883,E-M-0.5,8.25,1,8.25
QKA-72582-644,E-M-0.5,8.25,2,16.5
YPP-27450-525,E-M-0.5,8.25,3,24.75
LAW-80062-016,E-M-0.5,8.25,6,49.5
QDU-45390-361,E-M-0.5,8.25,1,8.25
BPG-68988-842,E-M-0.5,8.25,5,41.25
XMC-20620-809,E-M-0.5,8.25,2,16.5
ETD-58130-674,E-M-0.5,8.25,2,16.5
XKO-54097-932,E-M-0.5,8.25,3,24.75
CYZ-37122-164,E-M-0.5,8.25,2,16.5
SOK-43535-680,E-M-0.5,8.25,3,24.75
CZF-40873-691,E-M-0.5,8.25,2,16.5
MPQ-23421-608,E-M-0.5,8.25,5,41.25
AVH-56062-335,E-M-0.5,8.25,5,41.25
YWM-07310-594,E-M-0.5,8.25,5,41.25
ZDC-64769-740,E-M-0.5,8.25,1,8.25
KAC-83089-793,E-M-1,13.75,2,27.5
TKL-20738-660,E-M-1,13.75,5,68.75
ZWI-52029-159,E-M-1,13.75,2,27.5
NOP-21394-646,E-M-1,13.75,3,41.25
TMO-22785-872,E-M-1,13.75,6,82.5
BQI-61647-496,E-M-1,13.75,5,68.75
GRH-45571-667,E-M-1,13.75,3,41.25
ULM-49433-003,E-M-1,13.75,2,27.5
OQS-46321-904,E-M-1,13.75,1,13.75
EFC-39577-424,E-M-1,13.75,5,68.75
TJE-91516-344,E-M-1,13.75,2,27.5
CUU-92244-729,E-M-1,13.75,3,41.25
MEX-29350-659,E-M-1,13.75,5,68.75
TCR-01064-030,E-M-1,13.75,6,82.5
SPF-31673-217,E-M-1,13.75,6,82.5
NOM-56457-507,E-M-1,13.75,6,82.5
GVG-59542-307,E-M-1,13.75,2,27.5
RSR-96390-187,E-M-1,13.75,6,82.5
FUO-99821-974,E-M-1,13.75,3,41.25
TBU-64277-625,E-M-1,13.75,6,82.5
AOL-13866-711,E-M-1,13.75,4,55
XZD-44484-632,E-M-1,13.75,2,27.5
EQH-53569-934,E-M-1,13.75,4,55
DJH-05202-380,E-M-2.5,31.625,2,63.25
ZGK-97262-313,E-M-2.5,31.625,3,94.875
IRJ-67095-738,E-M-2.5,31.625,2,63.25
ZWK-03995-815,E-M-2.5,31.625,2,63.25
IYO-10245-081,E-M-2.5,31.625,3,94.875
JBP-78754-392,E-M-2.5,31.625,6,189.75
GPU-65651-504,E-M-2.5,31.625,2,63.25
KYG-28296-920,E-M-2.5,31.625,1,31.625
ZPW-31329-741,E-M-2.5,31.625,4,126.5
YDS-02797-307,E-M-2.5,31.625,4,126.5
ADP-04506-084,E-M-2.5,31.625,6,189.75
VET-41158-896,E-M-2.5,31.625,2,63.25
NGG-24006-937,E-M-2.5,31.625,4,126.5
XSN-26809-910,E-M-2.5,31.625,2,63.25
VGM-24161-361,E-M-2.5,31.625,2,63.25
CSW-59644-267,E-M-2.5,31.625,1,31.625
TEH-08414-216,E-M-2.5,31.625,2,63.25
WVS-57822-366,E-M-2.5,31.625,4,126.5
YAC-50329-982,E-M-2.5,31.625,1,31.625
QDO-57268-842,E-M-2.5,31.625,5,158.125
QOJ-38788-727,E-M-2.5,31.625,5,158.125
FBZ-64200-586,E-M-2.5,31.625,2,63.25
WVV-79948-067,E-M-2.5,31.625,1,31.625
GNZ-46006-527,L-D-0.2,3.885,3,11.655
DDO-71442-967,L-D-0.2,3.885,5,19.425
BNQ-88920-567,L-D-0.2,3.885,6,23.31
WIT-40912-783,L-D-0.2,3.885,4,15.54
DMY-96037-963,L-D-0.2,3.885,3,11.655
ZAY-43009-775,L-D-0.2,3.885,6,23.31
DGC-21813-731,L-D-0.2,3.885,2,7.77
JSU-23781-256,L-D-0.2,3.885,1,3.885
CYM-74988-450,L-D-0.2,3.885,4,15.54
XCG-07109-195,L-D-0.2,3.885,6,23.31
CUN-90044-279,L-D-0.2,3.885,4,15.54
IGW-04801-466,L-D-0.2,3.885,1,3.885
HYR-03455-684,L-D-0.2,3.885,2,7.77
EBA-82404-343,L-D-0.2,3.885,4,15.54
YOG-94666-679,L-D-0.2,3.885,2,7.77
RUK-78200-416,L-D-0.2,3.885,2,7.77
XKB-41924-202,L-D-0.5,7.77,2,15.54
AKV-93064-769,L-D-0.5,7.77,1,7.77
WKD-81956-870,L-D-0.5,7.77,3,23.31
GNO-91911-159,L-D-0.5,7.77,3,23.31
TFY-52090-386,L-D-0.5,7.77,5,38.85
YXO-79631-417,L-D-0.5,7.77,1,7.77
WUG-76466-650,L-D-0.5,7.77,3,23.31
MBM-55936-917,L-D-0.5,7.77,3,23.31
GMF-18638-786,L-D-0.5,7.77,6,46.62
BWK-39400-446,L-D-0.5,7.77,4,31.08
WNR-71736-993,L-D-0.5,7.77,4,31.08
VJF-46305-323,L-D-0.5,7.77,2,15.54
IGK-51227-573,L-D-0.5,7.77,2,15.54
ZTX-80764-911,L-D-0.5,7.77,6,46.62
NQS-01613-687,L-D-0.5,7.77,1,7.77
TCC-89722-031,L-D-0.5,7.77,1,7.77
GND-08192-056,L-D-0.5,7.77,2,15.54
PKN-19556-918,L-D-0.5,7.77,4,31.08
WNE-73911-475,L-D-0.5,7.77,6,46.62
NYQ-24237-772,L-D-0.5,7.77,4,31.08
KHG-33953-115,L-D-0.5,7.77,3,23.31
UDS-04807-593,L-D-0.5,7.77,2,15.54
TVF-57766-608,L-D-0.5,7.77,1,7.77
OLH-95722-362,L-D-0.5,7.77,3,23.31
UBI-59229-277,L-D-0.5,7.77,3,23.31
DUV-12075-132,L-D-0.5,7.77,2,15.54
CVP-18956-553,L-D-1,12.95,3,38.85
LQG-41416-375,L-D-1,12.95,3,38.85
JOM-80930-071,L-D-1,12.95,6,77.7
GHR-72274-715,L-D-1,12.95,1,12.95
JUO-34131-517,L-D-1,12.95,6,77.7
AMT-40418-362,L-D-1,12.95,1,12.95
YTW-40242-005,L-D-1,12.95,4,51.8
MUY-15309-209,L-D-1,12.95,3,38.85
WWH-92259-198,L-D-1,12.95,4,51.8
CTE-31437-326,L-D-1,12.95,4,51.8
NAR-00747-074,L-D-1,12.95,4,51.8
MHM-44857-599,L-D-1,12.95,1,12.95
THE-61147-027,L-D-1,12.95,2,25.9
KCY-61732-849,L-D-1,12.95,2,25.9
SPA-79365-334,L-D-1,12.95,3,38.85
CZG-01299-952,L-D-1,12.95,2,25.9
ZUR-55774-294,L-D-1,12.95,6,77.7
TWD-70988-853,L-D-1,12.95,6,77.7
UPX-54529-618,L-D-1,12.95,3,38.85
DTB-71371-705,L-D-1,12.95,1,12.95
XHI-30227-581,L-D-2.5,29.785,6,178.71
UCZ-59708-525,L-D-2.5,29.785,3,89.355
HSF-66926-425,L-D-2.5,29.785,5,148.925
ZJE-89333-489,L-D-2.5,29.785,1,29.785
NOP-21394-646,L-D-2.5,29.785,5,148.925
BOR-02906-411,L-D-2.5,29.785,6,178.71
IZA-61469-812,L-D-2.5,29.785,4,119.14
RGJ-12544-083,L-D-2.5,29.785,3,89.355
WSV-49732-075,L-D-2.5,29.785,1,29.785
LIS-96202-702,L-D-2.5,29.785,4,119.14
KBB-52530-416,L-D-2.5,29.785,2,59.57
VTB-46451-959,L-D-2.5,29.785,1,29.785
PJB-15659-994,L-D-2.5,29.785,4,119.14
WJR-51493-682,L-D-2.5,29.785,5,148.925
WMA-34232-850,L-D-2.5,29.785,4,119.14
LTD-96842-834,L-D-2.5,29.785,6,178.71
QLC-52637-305,L-D-2.5,29.785,4,119.14
BMM-86471-923,L-D-2.5,29.785,1,29.785
KHO-27106-786,L-D-2.5,29.785,6,178.71
RUX-37995-892,L-D-2.5,29.785,4,119.14
WFK-99317-827,L-D-2.5,29.785,3,89.355
CZD-56716-840,L-D-2.5,29.785,4,119.14
SNZ-65340-705,L-L-0.2,4.755,1,4.755
SCT-60553-454,L-L-0.2,4.755,5,23.775
EEJ-16185-108,L-L-0.2,4.755,5,23.775
ANM-16388-634,L-L-0.2,4.755,2,9.51
GAZ-58626-277,L-L-0.2,4.755,2,9.51
MXM-42948-061,L-L-0.2,4.755,4,19.02
WMP-68847-770,L-L-0.2,4.755,1,4.755
JLN-14700-924,L-L-0.2,4.755,5,23.775
HVW-25584-144,L-L-0.2,4.755,5,23.775
DOH-92927-530,L-L-0.2,4.755,6,28.53
DWB-61381-370,L-L-0.2,4.755,2,9.51
RUJ-30649-712,L-L-0.2,4.755,2,9.51
SVU-27222-213,L-L-0.2,4.755,5,23.775
EOL-92666-762,L-L-0.2,4.755,2,9.51
QEW-47945-682,L-L-0.2,4.755,5,23.775
CTE-31437-326,L-L-0.2,4.755,3,14.265
FLM-82229-989,L-L-0.2,4.755,2,9.51
VSQ-07182-513,L-L-0.2,4.755,6,28.53
WHQ-25197-475,L-L-0.2,4.755,4,19.02
AHY-20324-088,L-L-0.2,4.755,2,9.51
KHZ-26264-253,L-L-0.2,4.755,6,28.53
OJL-96844-459,L-L-0.2,4.755,5,23.775
RAU-17060-674,L-L-0.2,4.755,1,4.755
JGZ-16947-591,L-L-0.2,4.755,6,28.53
GUG-45603-775,L-L-0.2,4.755,5,23.775
GFK-52063-244,L-L-0.5,9.51,6,57.06
LGD-24408-274,L-L-0.5,9.51,3,28.53
HYF-10254-369,L-L-0.5,9.51,1,9.51
MGQ-98961-173,L-L-0.5,9.51,4,38.04
NOP-21394-646,L-L-0.5,9.51,4,38.04
FTV-77095-168,L-L-0.5,9.51,6,57.06
MQU-86100-929,L-L-0.5,9.51,4,38.04
BNZ-20544-633,L-L-0.5,9.51,4,38.04
SCN-51395-066,L-L-0.5,9.51,4,38.04
ZQI-47236-301,L-L-0.5,9.51,5,47.55
ISJ-48676-420,L-L-0.5,9.51,6,57.06
CKS-47815-571,L-L-0.5,9.51,3,28.53
EZL-27919-704,L-L-0.5,9.51,5,47.55
QHL-27188-431,L-L-0.5,9.51,2,19.02
NUU-03893-975,L-L-0.5,9.51,2,19.02
FSA-98650-921,L-L-0.5,9.51,2,19.02
UJV-32333-364,L-L-0.5,9.51,1,9.51
CNJ-56058-223,L-L-0.5,9.51,3,28.53
SFC-34054-213,L-L-0.5,9.51,4,38.04
NTJ-88319-746,L-L-0.5,9.51,3,28.53
IKK-62234-199,L-L-0.5,9.51,6,57.06
LQU-08404-173,L-L-1,15.85,3,47.55
WDR-06028-345,L-L-1,15.85,1,15.85
QPM-95832-683,L-L-1,15.85,2,31.7
VNC-93921-469,L-L-1,15.85,1,15.85
UDH-24280-432,L-L-1,15.85,4,63.4
VRT-39834-265,L-L-1,15.85,3,47.55
LRK-97117-150,L-L-1,15.85,6,95.1
TXB-80533-417,L-L-1,15.85,2,31.7
MBM-00112-248,L-L-1,15.85,5,79.25
RKW-81145-984,L-L-1,15.85,3,47.55
MBT-23379-866,L-L-1,15.85,5,79.25
FHD-89872-325,L-L-1,15.85,4,63.4
AYY-83051-752,L-L-1,15.85,6,95.1
ALP-37623-536,L-L-1,15.85,6,95.1
YZG-20575-451,L-L-1,15.85,4,63.4
VPX-08817-517,L-L-1,15.85,5,79.25
UZL-46108-213,L-L-1,15.85,2,31.7
FWE-98471-488,L-L-1,15.85,5,79.25
ABK-08091-531,L-L-1,15.85,3,47.55
PDB-98743-282,L-L-1,15.85,3,47.55
KJB-98240-098,L-L-1,15.85,5,79.25
ULR-52653-960,L-L-2.5,36.455,2,72.91
DWZ-69106-473,L-L-2.5,36.455,4,145.82
YHV-68700-050,L-L-2.5,36.455,2,72.91
CQM-49696-263,L-L-2.5,36.455,3,109.365
QJB-90477-635,L-L-2.5,36.455,4,145.82
TME-59627-221,L-L-2.5,36.455,6,218.73
LAA-41879-001,L-L-2.5,36.455,1,36.455
BRV-64870-915,L-L-2.5,36.455,5,182.275
BYZ-39669-954,L-L-2.5,36.455,1,36.455
ICF-17486-106,L-L-2.5,36.455,1,36.455
DNZ-11665-950,L-L-2.5,36.455,2,72.91
DSN-15872-519,L-L-2.5,36.455,4,145.82
UMM-28497-689,L-L-2.5,36.455,3,109.365
IXW-20780-268,L-L-2.5,36.455,2,72.91
OVO-01283-090,L-L-2.5,36.455,2,72.91
EYH-88288-452,L-L-2.5,36.455,5,182.275
SWP-88281-918,L-L-2.5,36.455,4,145.82
LDK-71031-121,L-L-2.5,36.455,1,36.455
YVH-19865-819,L-L-2.5,36.455,4,145.82
KPO-24942-184,L-L-2.5,36.455,3,109.365
WOQ-36015-429,L-M-0.2,4.365,5,21.825
QUQ-90580-772,L-M-0.2,4.365,2,8.73
LEF-83057-763,L-M-0.2,4.365,5,21.825
DBC-44122-300,L-M-0.2,4.365,3,13.095
MWP-46239-785,L-M-0.2,4.365,5,21.825
QNA-31113-984,L-M-0.2,4.365,4,17.46
CCZ-19589-212,L-M-0.2,4.365,2,8.73
YFH-87456-208,L-M-0.2,4.365,2,8.73
RDM-99811-230,L-M-0.2,4.365,5,21.825
AEL-51169-725,L-M-0.2,4.365,6,26.19
DGL-29648-995,L-M-0.2,4.365,2,8.73
IDQ-20193-502,L-M-0.2,4.365,2,8.73
NNB-20459-430,L-M-0.2,4.365,2,8.73
AWH-16980-469,L-M-0.2,4.365,6,26.19
SLD-63003-334,L-M-0.2,4.365,6,26.19
GEJ-39834-935,L-M-0.2,4.365,6,26.19
YUL-42750-776,L-M-0.2,4.365,2,8.73
RIK-61730-794,L-M-0.2,4.365,6,26.19
UMT-26130-151,L-M-0.2,4.365,3,13.095
CFZ-53492-600,L-M-0.2,4.365,1,4.365
PMV-54491-220,L-M-0.2,4.365,2,8.73
BZE-96093-118,L-M-0.2,4.365,2,8.73
WBA-85905-175,L-M-0.2,4.365,1,4.365
SFD-00372-284,L-M-0.2,4.365,2,8.73
WOQ-36015-429,L-M-0.5,8.73,6,52.38
HUB-47311-849,L-M-0.5,8.73,3,26.19
QDV-03406-248,L-M-0.5,8.73,3,26.19
EHX-66333-637,L-M-0.5,8.73,2,17.46
WDV-73864-037,L-M-0.5,8.73,5,43.65
SKO-45740-621,L-M-0.5,8.73,2,17.46
QAW-05889-019,L-M-0.5,8.73,5,43.65
JSN-73975-443,L-M-0.5,8.73,1,8.73
CBT-15092-420,L-M-0.5,8.73,1,8.73
CPX-19312-088,L-M-0.5,8.73,6,52.38
ULU-07744-724,L-M-0.5,8.73,5,43.65
ZYU-11345-774,L-M-0.5,8.73,5,43.65
TRZ-94735-865,L-M-0.5,8.73,4,34.92
ZHQ-30471-635,L-M-0.5,8.73,5,43.65
RJI-71409-490,L-M-0.5,8.73,5,43.65
VGI-33205-360,L-M-0.5,8.73,6,52.38
YIE-87008-621,L-M-0.5,8.73,4,34.92
MVO-39328-830,L-M-0.5,8.73,5,43.65
ENN-79947-323,L-M-0.5,8.73,2,17.46
TGF-38649-658,L-M-0.5,8.73,2,17.46
LUO-37559-016,L-M-1,14.55,3,43.65
KRB-88066-642,L-M-1,14.55,5,72.75
MOR-12987-399,L-M-1,14.55,6,87.3
YGY-98425-969,L-M-1,14.55,1,14.55
ZWI-52029-159,L-M-1,14.55,3,43.65
BWR-85735-955,L-M-1,14.55,3,43.65
PUX-47906-110,L-M-1,14.55,4,58.2
GGD-38107-641,L-M-1,14.55,4,58.2
YAU-98893-150,L-M-1,14.55,3,43.65
RZN-65182-395,L-M-1,14.55,6,87.3
TNX-09857-717,L-M-1,14.55,6,87.3
PBT-36926-102,L-M-1,14.55,4,58.2
KSH-47717-456,L-M-1,14.55,3,43.65
SKA-73676-005,L-M-1,14.55,4,58.2
DLV-65840-759,L-M-1,14.55,2,29.1
VKQ-39009-292,L-M-1,14.55,5,72.75
HKN-31467-517,L-M-1,14.55,6,87.3
KXN-85094-246,L-M-2.5,33.465,3,100.395
YFX-64795-136,L-M-2.5,33.465,1,33.465
VSS-56247-688,L-M-2.5,33.465,4,133.86
NXV-05302-067,L-M-2.5,33.465,4,133.86
HPD-65272-772,L-M-2.5,33.465,1,33.465
XEY-48929-474,L-M-2.5,33.465,6,200.79
IXU-20263-532,L-M-2.5,33.465,2,66.93
GTS-22482-014,L-M-2.5,33.465,4,133.86
COV-52659-202,L-M-2.5,33.465,2,66.93
JZC-31180-557,L-M-2.5,33.465,1,33.465
XTH-67276-442,L-M-2.5,33.465,4,133.86
OWH-11126-533,L-M-2.5,33.465,2,66.93
SNL-83703-516,L-M-2.5,33.465,3,100.395
UFZ-24348-219,L-M-2.5,33.465,3,100.395
GCD-75444-320,L-M-2.5,33.465,1,33.465
GPU-79113-136,R-D-0.2,2.685,3,8.055
YET-17732-678,R-D-0.2,2.685,1,2.685
NEU-86533-016,R-D-0.2,2.685,6,16.11
TJG-73587-353,R-D-0.2,2.685,3,8.055
ALA-62598-016,R-D-0.2,2.685,6,16.11
DFK-35846-692,R-D-0.2,2.685,5,13.425
VQV-59984-866,R-D-0.2,2.685,3,8.055
HFT-77191-168,R-D-0.2,2.685,2,5.37
NID-20149-329,R-D-0.2,2.685,2,5.37
BAQ-74241-156,R-D-0.2,2.685,4,10.74
ALR-62963-723,R-D-0.2,2.685,3,8.055
ITR-54735-364,R-D-0.2,2.685,5,13.425
CPV-90280-133,R-D-0.2,2.685,3,8.055
DEC-11160-362,R-D-0.2,2.685,4,10.74
XYL-52196-459,R-D-0.2,2.685,3,8.055
OAW-17338-101,R-D-0.2,2.685,6,16.11
TXH-78646-919,R-D-0.2,2.685,3,8.055
SUZ-83036-175,R-D-0.2,2.685,5,13.425
EHJ-82097-549,R-D-0.2,2.685,2,5.37
IWL-13117-537,R-D-0.2,2.685,3,8.055
UMB-11223-710,R-D-0.2,2.685,6,16.11
QXX-89943-393,R-D-0.2,2.685,4,10.74
HBH-64794-080,R-D-0.2,2.685,3,8.055
LCU-93317-340,R-D-0.2,2.685,1,2.685
WFT-16178-396,R-D-0.2,2.685,5,13.425
DWY-56352-412,R-D-0.2,2.685,1,2.685
ZYQ-15797-695,R-D-0.5,5.37,5,26.85
GPR-19973-483,R-D-0.5,5.37,5,26.85
EIL-44855-309,R-D-0.5,5.37,5,26.85
UCT-03935-589,R-D-0.5,5.37,6,32.22
MPV-26985-215,R-D-0.5,5.37,1,5.37
NOK-50349-551,R-D-0.5,5.37,3,16.11
XUR-14132-391,R-D-0.5,5.37,4,21.48
OVI-27064-381,R-D-0.5,5.37,3,16.11
NYY-73968-094,R-D-0.5,5.37,6,32.22
PSY-45485-542,R-D-0.5,5.37,3,16.11
ZSO-58292-191,R-D-0.5,5.37,4,21.48
WCT-07869-499,R-D-0.5,5.37,5,26.85
WMU-87639-108,R-D-0.5,5.37,1,5.37
NOA-79645-377,R-D-0.5,5.37,5,26.85
WFH-21507-708,R-D-0.5,5.37,1,5.37
IIZ-24416-212,R-D-0.5,5.37,6,32.22
POF-29666-012,R-D-0.5,5.37,1,5.37
NXF-15738-707,R-D-0.5,5.37,2,10.74
WLL-59044-117,R-D-1,8.95,6,53.7
EHJ-05910-257,R-D-1,8.95,6,53.7
TKN-58485-031,R-D-1,8.95,2,17.9
SYX-48878-182,R-D-1,8.95,5,44.75
DGZ-82537-477,R-D-1,8.95,5,44.75
LPS-39089-432,R-D-1,8.95,5,44.75
DJG-14442-608,R-D-1,8.95,3,26.85
NVN-66443-451,R-D-1,8.95,2,17.9
ZPW-31329-741,R-D-1,8.95,6,53.7
BGB-67996-089,R-D-1,8.95,5,44.75
AAQ-13644-699,R-D-1,8.95,4,35.8
JQT-14347-517,R-D-1,8.95,1,8.95
XKK-06692-189,R-D-1,8.95,3,26.85
YIT-15877-117,R-D-1,8.95,1,8.95
ITA-87418-783,R-D-2.5,20.585,2,41.17
TDZ-59011-211,R-D-2.5,20.585,4,82.34
TIR-71396-998,R-D-2.5,20.585,4,82.34
XOQ-12405-419,R-D-2.5,20.585,4,82.34
MEK-39769-035,R-D-2.5,20.585,3,61.755
JAF-18294-750,R-D-2.5,20.585,6,123.51
YQU-65147-580,R-D-2.5,20.585,1,20.585
RXW-91413-276,R-D-2.5,20.585,2,41.17
RWI-84131-848,R-D-2.5,20.585,2,41.17
ULA-24644-321,R-D-2.5,20.585,4,82.34
AJV-18231-334,R-D-2.5,20.585,2,41.17
VIO-27668-766,R-D-2.5,20.585,1,20.585
AOT-70449-651,R-D-2.5,20.585,5,102.925
XPG-66112-335,R-D-2.5,20.585,4,82.34
PKN-19556-918,R-D-2.5,20.585,5,102.925
TZU-64255-831,R-D-2.5,20.585,2,41.17
LXR-09892-726,R-D-2.5,20.585,2,41.17
KMB-95211-174,R-D-2.5,20.585,4,82.34
HST-96923-073,R-D-2.5,20.585,6,123.51
UOM-71431-481,R-D-2.5,20.585,1,20.585
KAW-95195-329,R-D-2.5,20.585,4,82.34
ERC-54560-934,R-D-2.5,20.585,6,123.51
AWT-22827-563,R-L-0.2,3.585,1,3.585
MSB-08397-648,R-L-0.2,3.585,4,14.34
BLQ-03709-265,R-L-0.2,3.585,3,10.755
PSS-22466-862,R-L-0.2,3.585,4,14.34
EYE-70374-835,R-L-0.2,3.585,5,17.925
JJX-83339-346,R-L-0.2,3.585,1,3.585
VAJ-44572-469,R-L-0.2,3.585,6,21.51
GMM-72397-378,R-L-0.2,3.585,4,14.34
JPB-45297-000,R-L-0.2,3.585,4,14.34
FEP-36895-658,R-L-0.2,3.585,6,21.51
BMK-49520-383,R-L-0.2,3.585,3,10.755
JUA-13580-095,R-L-0.2,3.585,4,14.34
MIF-17920-768,R-L-0.2,3.585,6,21.51
IPA-94170-889,R-L-0.2,3.585,3,10.755
DSL-69915-544,R-L-0.2,3.585,3,10.755
FBD-56220-430,R-L-0.2,3.585,6,21.51
GQR-12490-152,R-L-0.2,3.585,1,3.585
UOJ-28238-299,R-L-0.2,3.585,6,21.51
BQK-38412-229,R-L-0.2,3.585,3,10.755
PCA-14081-576,R-L-0.2,3.585,5,17.925
RXN-55491-201,R-L-0.2,3.585,6,21.51
KTO-53793-109,R-L-0.2,3.585,2,7.17
SXW-34014-556,R-L-0.2,3.585,1,3.585
MEK-85120-243,R-L-0.2,3.585,3,10.755
SHT-04865-419,R-L-0.2,3.585,4,14.34
UQI-28177-865,R-L-0.2,3.585,6,21.51
RXF-37618-213,R-L-0.5,7.17,1,7.17
LTO-95975-728,R-L-0.5,7.17,4,28.68
IGM-84664-265,R-L-0.5,7.17,3,21.51
OGD-10781-526,R-L-0.5,7.17,6,43.02
VYD-28555-589,R-L-0.5,7.17,6,43.02
PKJ-99134-523,R-L-0.5,7.17,5,35.85
XDU-05471-219,R-L-0.5,7.17,1,7.17
KRW-91640-596,R-L-0.5,7.17,3,21.51
NEX-63825-598,R-L-0.5,7.17,2,14.34
UDN-88321-005,R-L-0.5,7.17,5,35.85
LIN-88046-551,R-L-0.5,7.17,4,28.68
TID-21626-411,R-L-0.5,7.17,3,21.51
BDM-03174-485,R-L-0.5,7.17,4,28.68
HGE-19842-613,R-L-0.5,7.17,4,28.68
RIU-02231-623,R-L-0.5,7.17,5,35.85
KXA-27983-918,R-L-0.5,7.17,5,35.85
LXS-63326-144,R-L-0.5,7.17,2,14.34
QAK-77286-758,R-L-0.5,7.17,5,35.85
WRT-40778-247,R-L-1,11.95,4,47.8
IHN-19982-362,R-L-1,11.95,3,35.85
OTA-40969-710,R-L-1,11.95,5,59.75
VZH-86274-142,R-L-1,11.95,5,59.75
CPX-46916-770,R-L-1,11.95,6,71.7
QNP-18893-547,R-L-1,11.95,5,59.75
GKQ-82603-910,R-L-1,11.95,5,59.75
QBB-07903-622,R-L-1,11.95,5,59.75
UBI-83843-396,R-L-1,11.95,2,23.9
JIG-27636-870,R-L-1,11.95,4,47.8
BPC-54727-307,R-L-1,11.95,4,47.8
BWZ-46364-547,R-L-1,11.95,3,35.85
USN-44968-231,R-L-1,11.95,4,47.8
JKA-27899-806,R-L-1,11.95,5,59.75
EZB-68383-559,R-L-1,11.95,6,71.7
LXK-00634-611,R-L-1,11.95,3,35.85
CVE-15042-481,R-L-1,11.95,2,23.9
CLJ-23403-689,R-L-1,11.95,2,23.9
DLX-01059-899,R-L-1,11.95,5,59.75
WFV-88138-247,R-L-1,11.95,3,35.85
TXF-79780-017,R-L-1,11.95,5,59.75
SNZ-44595-152,R-L-1,11.95,2,23.9
LHX-81117-166,R-L-1,11.95,4,47.8
KAC-83089-793,R-L-2.5,27.485,2,54.97
RMW-74160-339,R-L-2.5,27.485,4,109.94
DFZ-45083-941,R-L-2.5,27.485,1,27.485
HVU-21634-076,R-L-2.5,27.485,4,109.94
ZZL-76364-387,R-L-2.5,27.485,4,109.94
OFN-49424-848,R-L-2.5,27.485,2,54.97
NOY-99738-977,R-L-2.5,27.485,2,54.97
XRR-28376-277,R-L-2.5,27.485,6,164.91
UPF-60123-025,R-L-2.5,27.485,3,82.455
TRA-79507-007,R-L-2.5,27.485,4,109.94
LJN-34281-921,R-L-2.5,27.485,5,137.425
VEM-79839-466,R-L-2.5,27.485,5,137.425
NQZ-82067-394,R-L-2.5,27.485,1,27.485
MHD-95615-696,R-L-2.5,27.485,5,137.425
SXC-62166-515,R-L-2.5,27.485,5,137.425
LCY-24377-948,R-L-2.5,27.485,1,27.485
GRB-68838-629,R-L-2.5,27.485,4,109.94
NCH-55389-562,R-L-2.5,27.485,2,54.97
LTN-89139-350,R-L-2.5,27.485,5,137.425
RLM-96511-467,R-L-2.5,27.485,1,27.485
WYL-29300-070,R-M-0.2,2.985,1,2.985
VZO-97265-841,R-M-0.2,2.985,4,11.94
BLQ-03709-265,R-M-0.2,2.985,5,14.925
OGB-91614-810,R-M-0.2,2.985,1,2.985
DKB-78053-329,R-M-0.2,2.985,2,5.97
JTU-55897-581,R-M-0.2,2.985,5,14.925
HTS-15020-632,R-M-0.2,2.985,3,8.955
LKE-14821-285,R-M-0.2,2.985,5,14.925
CTE-31437-326,R-M-0.2,2.985,4,11.94
OUQ-73954-002,R-M-0.2,2.985,4,11.94
AXN-57779-891,R-M-0.2,2.985,3,8.955
XUE-87260-201,R-M-0.2,2.985,6,17.91
AIA-98989-755,R-M-0.2,2.985,1,2.985
SFB-93752-440,R-M-0.2,2.985,3,8.955
YXF-57218-272,R-M-0.2,2.985,6,17.91
BRJ-19414-277,R-M-0.2,2.985,4,11.94
PUH-55647-976,R-M-0.2,2.985,2,5.97
EZT-46571-659,R-M-0.5,5.97,3,17.91
NWQ-70061-912,R-M-0.5,5.97,1,5.97
YHV-68700-050,R-M-0.5,5.97,5,29.85
LHN-75209-742,R-M-0.5,5.97,6,35.82
XSZ-84273-421,R-M-0.5,5.97,3,17.91
SIB-83254-136,R-M-0.5,5.97,6,35.82
RNH-54912-747,R-M-0.5,5.97,1,5.97
WXT-85291-143,R-M-0.5,5.97,4,23.88
RXW-91413-276,R-M-0.5,5.97,1,5.97
YXP-20078-116,R-M-0.5,5.97,1,5.97
CYH-53243-218,R-M-0.5,5.97,3,17.91
PKQ-46841-696,R-M-0.5,5.97,3,17.91
FBI-35855-418,R-M-0.5,5.97,6,35.82
VPX-44956-367,R-M-0.5,5.97,5,29.85
MGH-36050-573,R-M-0.5,5.97,2,11.94
DYP-74337-787,R-M-0.5,5.97,1,5.97
OKA-93124-100,R-M-0.5,5.97,5,29.85
VCE-56531-986,R-M-0.5,5.97,5,29.85
ZFR-79447-696,R-M-0.5,5.97,1,5.97
XNU-83276-288,R-M-0.5,5.97,1,5.97
VUT-20974-364,R-M-0.5,5.97,6,35.82
FHD-94983-982,R-M-0.5,5.97,3,17.91
YVK-82679-655,R-M-0.5,5.97,4,23.88
AEZ-13242-456,R-M-0.5,5.97,5,29.85
QEV-37451-860,R-M-1,9.95,2,19.9
SZW-48378-399,R-M-1,9.95,5,49.75
OFX-99147-470,R-M-1,9.95,6,59.7
JHW-74554-805,R-M-1,9.95,6,59.7
JDS-33440-914,R-M-1,9.95,3,29.85
QEY-71761-460,R-M-1,9.95,2,19.9
TNW-41601-420,R-M-1,9.95,5,49.75
JSU-23781-256,R-M-1,9.95,4,39.8
KAR-24978-271,R-M-1,9.95,6,59.7
FQK-28730-361,R-M-1,9.95,6,59.7
IDJ-55379-750,R-M-1,9.95,4,39.8
MIU-01481-194,R-M-1,9.95,6,59.7
LOU-41819-242,R-M-1,9.95,2,19.9
IKQ-39946-768,R-M-1,9.95,6,59.7
CIX-22904-641,R-M-1,9.95,1,9.95
HTY-30660-254,R-M-1,9.95,3,29.85
GNL-98714-885,R-M-1,9.95,3,29.85
FYQ-78248-319,R-M-2.5,22.885,5,114.425
UQU-65630-479,R-M-2.5,22.885,4,91.54
HCT-95608-959,R-M-2.5,22.885,5,114.425
JQK-64922-985,R-M-2.5,22.885,3,68.655
BAF-42286-205,R-M-2.5,22.885,4,91.54
QOO-24615-950,R-M-2.5,22.885,3,68.655
BIU-21970-705,R-M-2.5,22.885,2,45.77
AHV-66988-037,R-M-2.5,22.885,2,45.77
SHP-17012-870,R-M-2.5,22.885,1,22.885
LWJ-06793-303,R-M-2.5,22.885,2,45.77
EQI-82205-066,R-M-2.5,22.885,2,45.77
EJA-79176-833,R-M-2.5,22.885,6,137.31
TYP-85767-944,R-M-2.5,22.885,2,45.77
YLK-78851-470,R-M-2.5,22.885,6,137.31
BYP-16005-016,R-M-2.5,22.885,5,114.425
OLH-95722-362,R-M-2.5,22.885,4,91.54